Publication ID,Title,Abstract,Source title,ISSN,Publisher,MeSH terms,PubYear,Open Access,Publication Type,Document Type,Authors,Authors (Raw Affiliation),Corresponding Authors,Research Organizations - standardized,GRID IDs,City of standardized research organization,State of standardized research organization,Country of standardized research organization,Funder,Funder Group,Funder Country,Times cited,RCR,FCR,Altmetric,Fields of Research (ANZSRC 2020),Units of Assessment,Sustainable Development Goals
pub.1023980514,"Generation of a Transcriptome in a Model Lepidopteran Pest, Heliothis virescens, Using Multiple Sequencing Strategies for Profiling Midgut Gene Expression","Heliothine pests such as the tobacco budworm, Heliothis virescens (F.), pose a significant threat to production of a variety of crops and ornamental plants and are models for developmental and physiological studies. The efforts to develop new control measures for H. virescens, as well as its use as a relevant biological model, are hampered by a lack of molecular resources. The present work demonstrates the utility of next-generation sequencing technologies for rapid molecular resource generation from this species for which lacks a sequenced genome. In order to amass a de novo transcriptome for this moth, transcript sequences generated from Illumina, Roche 454, and Sanger sequencing platforms were merged into a single de novo transcriptome assembly. This pooling strategy allowed a thorough sampling of transcripts produced under diverse environmental conditions, developmental stages, tissues, and infections with entomopathogens used for biological control, to provide the most complete transcriptome to date for this species. Over 138 million reads from the three platforms were assembled into the final set of 63,648 contigs. Of these, 29,978 had significant BLAST scores indicating orthologous relationships to transcripts of other insect species, with the top-hit species being the monarch butterfly (Danaus plexippus) and silkworm (Bombyx mori). Among identified H. virescens orthologs were immune effectors, signal transduction pathways, olfactory receptors, hormone biosynthetic pathways, peptide hormones and their receptors, digestive enzymes, and insecticide resistance enzymes. As an example, we demonstrate the utility of this transcriptomic resource to study gene expression profiling of larval midguts and detect transcripts of putative Bacillus thuringiensis (Bt) Cry toxin receptors. The substantial molecular resources described in this study will facilitate development of H. virescens as a relevant biological model for functional genomics and for new biological experimentation needed to develop efficient control efforts for this and related Noctuid pest moths.",PLOS ONE,1932-6203,Public Library of Science (PLoS),"alkaline phosphatase; animals; bacterial proteins; codon; contig mapping; digestive system; gene expression profiling; genome; hemocytes; high-throughput nucleotide sequencing; insect proteins; larva; moths; phylogeny; rna, small interfering; receptors, cell surface; sequence analysis, rna; transcriptome",2015,All OA; Gold,Article,Research Article,"Perera, Omaththage P; Shelby, Kent S; Popham, Holly J R; Gould, Fred; Adang, Michael J; JuratFuentes, Juan Luis","Perera, Omaththage P (Southern Insect Management Research Unit, USDA, Agricultural Research Service, Stoneville, MS, 38776, United States of America); Shelby, Kent S (Biological Control of Insects Research Laboratory, USDA, Agricultural Research Service, Columbia, Missouri, 65203, United States of America); Popham, Holly J R (Biological Control of Insects Research Laboratory, USDA, Agricultural Research Service, Columbia, Missouri, 65203, United States of America); Gould, Fred (Dept Entomology, North Carolina State University, Raleigh, NC, 27607, United States of America); Adang, Michael J (Dept Entomology, University of Georgia, Athens, GA, 30602, United States of America); JuratFuentes, Juan Luis (Dept Entomology and Plant Pathology, University of Tennessee, Knoxville, TN, 37996, United States of America)","Perera, Omaththage P (Agricultural Research Service  Southeast Area)",North Carolina State University; Agricultural Research Service - Southeast Area; University of Georgia; Biological Control of Insects Research Laboratory; University of Tennessee Knoxville,grid.40803.3f; grid.508985.9; grid.213876.9; grid.512859.2; grid.411461.7,Raleigh; Greenville; Athens; Columbia; Knoxville,North Carolina; Mississippi; Georgia; Missouri; Tennessee,United States; United States; United States; United States; United States,Agricultural Research Service; National Institute of Food and Agriculture,US Federal Funders; USDA - United States Department of Agriculture,United States; United States,22,0.69,1.99,3.0,31 Biological Sciences; 3102 Bioinformatics and Computational Biology; 3105 Genetics,A05 Biological Sciences,
pub.1025440647,Unique synteny and alternate splicing of the chitin synthases in closely related heliothine moths,"Chitin is an extracellular biopolymer that contributes to the cuticular structural matrix in arthropods. As a consequence of its rigid structure, the chitinous cuticle must be shed and replaced to accommodate growth. Two chitin synthase genes that encode for chitin synthase A (ChSA), which produces cuticular exoskeleton, and chitin synthase B (ChSB), which produces peritrophic membrane, were characterized in the genomes of two heliothine moths: the corn earworm/cotton bollworm, Helicoverpa zea (Boddie) (Lepidoptera: Noctuidae) and the cotton bollworm, Helicoverpa armigera (Hübner) (Lepidoptera: Noctuidae). In both moths, the two genes were arranged in tandem with the same orientation on the same strand with ChSB located 5' of ChSA. Sequence comparisons showed that the coding sequences were highly conserved with homologues from other species but that the tandem juxtaposed genomic arrangement of the two genes was unique in these insects. The mechanism that has led to this arrangement is unclear but is most likely a recent recombinational event. Transcript mapping of HzChSB and HzChSA in H. zea demonstrated that both transcripts were differentially spliced in various tissues and larval stages. The identification of the HzChSB-E12b alternate spliced transcript is the first report of alternate splicing for the ChSB group. The importance of this splice form is not clear because the protein produced would lack any enzymatic activity but retain the membrane insertion motifs. As for other insects, these genes provide an important target for potential control through RNAi but also provide a subject for broad scale genomic recombinational events.",Gene,"0378-1119, 1879-0038",Elsevier,"alternative splicing; amino acid sequence; animals; base sequence; chitin synthase; genes, insect; genome, insect; insect proteins; larva; molecular sequence data; moths; synteny",2015,Closed,Article,Research Article,"Shirk, Paul D; Perera, Omaththage P; Shelby, Kent S; Furlong, Richard B; LoVullo, Eric D; Popham, Holly JR","Shirk, Paul D (USDA ARS CMAVE, 1700 SW 23rd Drive, Gainesville, FL 32608 USA); Perera, Omaththage P (USDA ARS SIMRU, 141 Experiment Station Road Stoneville, MI 38776 USA); Shelby, Kent S (USDA ARS BCIRL, 1503 S Providence, Columbia, MO 65203 USA); Furlong, Richard B (USDA ARS CMAVE, 1700 SW 23rd Drive, Gainesville, FL 32608 USA); LoVullo, Eric D (USDA ARS CMAVE, 1700 SW 23rd Drive, Gainesville, FL 32608 USA); Popham, Holly JR (USDA ARS BCIRL, 1503 S Providence, Columbia, MO 65203 USA)","Shirk, Paul D (I Behavior Inc)",I Behavior Inc; Agricultural Research Service,grid.414781.f; grid.463419.d,Gainesville; Washington D.C.,Florida; District of Columbia,United States; United States,Agricultural Research Service,US Federal Funders; USDA - United States Department of Agriculture,United States,11,0.41,0.94,1.0,31 Biological Sciences; 3102 Bioinformatics and Computational Biology,A05 Biological Sciences,
pub.1059782867,Nutritional Value of Pupae Versus Larvae of Tenebrio molitor (Coleoptera: Tenebrionidae) as Food for Rearing Podisus maculiventris (Heteroptera: Pentatomidae),"Life-table analysis yielded demographic parameter values that indicate that Tenebrio molitor (L.) pupae are potentially more suitable factitious prey to mass-produce the predator Podisus maculiventris (Say) and are more suitable prey than the larvae. P. maculiventris developed faster (23.2 vs. 25.5 d), weighed more (females 80.9 vs. 66.6 mg and males 64.7 vs. 53.7 mg), and had a higher survival rate (0.88 vs. 0.7), fecundity, and reproductive output (87.1 vs. 22.8 eggs/female) when reared on pupae compared with larvae of T. molitor. The total protein content and soluble protein content were significantly higher in pupae (60.2 and 23%, respectively) than larvae (53.1 and 14.4%, respectively). Lipid content was significantly lower in pupae (32.1%) than larvae (35.9%), and larvae had more polyunsaturated fatty acids (83.6 vs. 56.6 mg/g) and less oleic (0.1 mg/g) and steric (6.1 mg/g) acids than pupae (37.3 and 12.3 mg/g, respectively). The total sugar content was not significantly different between pupae and larvae. However, larvae had significantly more fructose than pupae, but pupae had more galactose, glucosamine, glucose, mannose, and trehalose than larvae. Differences in nutritional composition and its impact on predator demographic parameters are potential factors that make the pupal stage a better food source.",Journal of Economic Entomology,"0022-0493, 1938-291X",Oxford University Press (OUP),animals; female; heteroptera; larva; male; nutritive value; pupa; tenebrio,2015,All OA; Hybrid,Article,Research Article,"MoralesRamos, Juan A; Rojas, M Guadalupe; Shelby, Kent S; Coudron, Thomas A","MoralesRamos, Juan A (USDA Agricultural Research Service, National Biological Control Laboratory, Stoneville, MS 38776 (, JuanMoralesRamos@ARSUSDAGOV, ;, guadaluperojas@arsusdagov, ),); Rojas, M Guadalupe (USDA Agricultural Research Service, National Biological Control Laboratory, Stoneville, MS 38776 (, JuanMoralesRamos@ARSUSDAGOV, ;, guadaluperojas@arsusdagov, ),); Shelby, Kent S (USA Agricultural Research Service, Biological Control of Insects Research Laboratory, Columbia, MO 65203 (, kentshelby@arsusdagov, ;, tomcoudron@arsusdagov, )); Coudron, Thomas A (USA Agricultural Research Service, Biological Control of Insects Research Laboratory, Columbia, MO 65203 (, kentshelby@arsusdagov, ;, tomcoudron@arsusdagov, ))","MoralesRamos, Juan A (USDA Agricultural Research Service, National Biological Control Laboratory, Stoneville, MS 38776 (, JuanMoralesRamos@ARSUSDAGOV, ;, guadaluperojas@arsusdagov, ),)",Biological Control of Insects Research Laboratory,grid.512859.2,Columbia,Missouri,United States,Agricultural Research Service,US Federal Funders; USDA - United States Department of Agriculture,United States,37,0.72,4.35,2.0,31 Biological Sciences; 3109 Zoology,"A06 Agriculture, Veterinary and Food Science",
pub.1084446537,"Bacterial Elicitation of Transcriptional Response of Female Squash Bug, Anasa tristis (De Geer)1","The squash bug, Anasa tristis (De Geer), is a major pest of squash, pumpkin, and other cucurbits throughout North America. A. tristis is a piercingsucking feeder that causes extensive foliar wilting and fruit scarring and transmits plant pathogens. Current biological agents to control A. tristis are limited in efficacy, and newer control methods must be developed. Here we present studies of immune system transcripts as the initial step in identifying potentially vulnerable targets for control of gene expression. Following immune stimulation with bacteria, transcript levels of six components of the inducible innate system in adult female A. tristis were measured using quantitative PCR. An antibacterial peptide-encoding transcript, anacin; an enzyme central to melanization, prophenoloxidase; and three sentinel proteins, scavenger receptor, -1,3-glucan-binding protein, and peptidoglycan-binding protein were upregulated by bacterial elicitation. Expression of a putative immunoregulatory cytokine, astakine, was identified and increased by septic puncture. We also found novel upregulation of an enzyme of central energy metabolism, arginine kinase, in response to septic puncture of A. tristis adults.",Southwestern Entomologist,"0147-1724, 2162-2647",Society of Southwestern Entomologists,,2017,Closed,Article,Research Article,"Shelby, Kent S; Coudron, Thomas A","Shelby, Kent S (Biological Control of Insects Research Laboratory, USDA, Agricultural Research Service, 1503 S Providence Road, Columbia, MO 65203); Coudron, Thomas A (Biological Control of Insects Research Laboratory, USDA, Agricultural Research Service, 1503 S Providence Road, Columbia, MO 65203)","Shelby, Kent S (Biological Control of Insects Research Laboratory)",Biological Control of Insects Research Laboratory,grid.512859.2,Columbia,Missouri,United States,Agricultural Research Service,US Federal Funders; USDA - United States Department of Agriculture,United States,1,,0.09,,31 Biological Sciences; 3101 Biochemistry and Cell Biology,A05 Biological Sciences,
pub.1084633690,Uptake of Dietary Selenium by Laboratory and Field Feeding Podisus maculiventris (Heteroptera: Pentatomidae),"Podisus maculiventris (Say) (Hemiptera: Pentatomidae) is a generalist predator commercially available for augmentative biological control of pest insects in a variety of crop and orchard systems. It is exposed to a wide variety of micronutrients based on the soil type, plant, and insect prey items consumed. Bioaccumulation of selenium by adult females of P. maculiventris fed insectary-reared Trichoplusia ni Hbner (Lepidoptera: Noctuidae) larval prey was not statistically significant. However, adult females of P. maculiventris collected from the field that had been feeding primarily on alfalfa weevils (Hypera postica Gyllenhal; Coleoptera: Curculionidae), and those fed an artificial diet, showed significant bioaccumulation of selenium. This is the first report of biomagnification of a trace element across 3 trophic levels involving P. maculiventris.",Florida Entomologist,"0015-4040, 1938-5102",De Gruyter,,2017,All OA; Gold,Article,Research Article,"Shelby, Kent S; Coudron, Thomas A; MoralesRamos, Juan A","Shelby, Kent S (Biological Control of Insects Research Laboratory, USDA, Agricultural Research Service, 1503 S Providence Road, Columbia, MO 65203, USA; Email:, KentShelby@arsusdagov, (K S S), TomCoudron@arsusdagov, (T A C)); Coudron, Thomas A (Biological Control of Insects Research Laboratory, USDA, Agricultural Research Service, 1503 S Providence Road, Columbia, MO 65203, USA; Email:, KentShelby@arsusdagov, (K S S), TomCoudron@arsusdagov, (T A C)); MoralesRamos, Juan A (National Biological Control Laboratory, USDA, Agricultural Research Service, 59 Lee Road, Stoneville, MS 38776, USA; Email:, JuanMoralesRamos@arsusdagov, (J A MR))","Shelby, Kent S (Biological Control of Insects Research Laboratory)",Biological Control of Insects Research Laboratory; Agricultural Research Service,grid.512859.2; grid.463419.d,Columbia; Washington D.C.,Missouri; District of Columbia,United States; United States,Agricultural Research Service,US Federal Funders; USDA - United States Department of Agriculture,United States,1,,0.15,,31 Biological Sciences; 3109 Zoology,"A06 Agriculture, Veterinary and Food Science",
pub.1092391252,Quantitative Trait Loci Mapping of Western Corn Rootworm (Coleoptera: Chrysomelidae) Host Plant Resistance in Two Populations of Doubled Haploid Lines in Maize (Zea mays L.),"Over the last 70 yr, more than 12,000 maize accessions have been screened for their level of resistance to western corn rootworm, Diabrotica virgifera virgifera (LeConte; Coleoptera: Chrysomelidae), larval feeding. Less than 1% of this germplasm was selected for initiating recurrent selection or other breeding programs. Selected genotypes were mostly characterized by large root systems and superior root regrowth after root damage caused by western corn rootworm larvae. However, no hybrids claiming native (i.e., host plant) resistance to western corn rootworm larval feeding are currently commercially available. We investigated the genetic basis of western corn rootworm resistance in maize materials with improved levels of resistance using linkage disequilibrium mapping approaches. Two populations of topcrossed doubled haploid maize lines (DHLs) derived from crosses between resistant and susceptible maize lines were evaluated for their level of resistance in three to four different environments. For each DHL topcross an average root damage score was estimated and used for quantitative trait loci (QTL) analysis. We found genomic regions contributing to western corn rootworm resistance on all maize chromosomes, except for chromosome 4. Models fitting all QTL simultaneously explained about 30 to 50% of the genotypic variance for root damage scores in both mapping populations. Our findings confirm the complex genetic structure of host plant resistance against western corn rootworm larval feeding in maize. Interestingly, three of these QTL regions also carry genes involved in ascorbate biosynthesis, a key compound we hypothesize is involved in the expression of western corn rootworm resistance.",Journal of Economic Entomology,"0022-0493, 1938-291X",Oxford University Press (OUP),animals; antibiosis; coleoptera; herbivory; illinois; larva; missouri; quantitative trait loci; south dakota; zea mays,2017,Closed,Article,Research Article,"Bohn, Martin O; Marroquin, Juan J; FlintGarcia, Sherry; Dashiell, Kenton; Willmot, David B; Hibbard, Bruce E","Bohn, Martin O (Department of Crop Sciences, University of Illinois, Urbana, IL); Marroquin, Juan J (Department of Crop Sciences, University of Illinois, Urbana, IL); FlintGarcia, Sherry (United States Department of AgricultureAgricultural Research Service Plant Genetics Research Unit, Columbia, MO); Dashiell, Kenton (International Institute of Tropical Agriculture, Ibadan, Nigeria); Willmot, David B (AgReliant Genetics, LLC, Lebanon, IN); Hibbard, Bruce E (United States Department of AgricultureAgricultural Research Service Plant Genetics Research Unit, Columbia, MO)","Bohn, Martin O (University of Illinois at UrbanaChampaign)",Agricultural Research Service - Midwest Area; University of Illinois at Urbana-Champaign; International Institute of Tropical Agriculture; Agreliant Genetics LLC,grid.508983.f; grid.35403.31; grid.425210.0; grid.656515.4,Peoria; Urbana; Ibadan,Illinois; Illinois,United States; United States; Nigeria; United States,Agricultural Research Service; Directorate for Biological Sciences; National Institute of Food and Agriculture,US Federal Funders; USDA - United States Department of Agriculture; NSF - National Science Foundation,United States; United States; United States,8,0.32,1.22,45.0,31 Biological Sciences; 3109 Zoology,A05 Biological Sciences,
pub.1099999898,Comparative Assessment of Four Steinernematidae and Three Heterorhabditidae Species for Infectivity of Larval Diabrotica Virgifera Virgifera,"Larval Diabrotica virgifera virgifera LeConte (Coleoptera: Chrysomelidae) were exposed to seven different entomopathogenic nematode species to test their potential infectivity in a laboratory setting. Known D. virgifera-infecting nematode species Heterorhabditis bacteriophora Poinar, Heterorhabditis megidis Poinar, Jackson & Klein, Steinernema feltiae Filipjev, and Steinernema carpocapsae Weiser were tested in a concerted experiment alongside Steinernema diaprepesi Nguyen & Duncan, Steinernema riobrave Cabanillas, Poinar & Raulston, and a Missouri wild-type H. bacteriophora which have not been previously tested on D. virgifera. The species S. rarum Doucet was tested separately for D. virgifera infectivity. Third-instar D. virgifera were exposed to either 60 or 120 nematodes per larva for 6 d. Following exposure, mortality was recorded and larvae were examined to determine the presence of active nematode infections. Results indicated a significantly higher proportion of larvae with active infections from the Heterorhabditidae species and S. diaprepesi than the other Steinernematidae species for both exposure rates; mortality data indicated a similar trend. Steinernema rarum showed almost no infectivity in laboratory experiments.",Journal of Economic Entomology,"0022-0493, 1938-291X",Oxford University Press (OUP),"animals; coleoptera; larva; pest control, biological; rhabditida; species specificity",2018,All OA; Bronze,Article,Research Article,"Geisert, Ryan W; Cheruiyot, Dorothy J; Hibbard, Bruce E; ShapiroIlan, David I; Shelby, Kent S; Coudron, Thomas A","Geisert, Ryan W (Biological Control of Insects Research Laboratory, USDAAgricultural Research Service, Columbia, MO); Cheruiyot, Dorothy J (Department of Ecology and Evolutionary Biology, Tulane University, New Orleans, LA); Hibbard, Bruce E (Plant Genetics Research Unit, USDAAgricultural Research Service, Columbia, MO); ShapiroIlan, David I (Southeastern Fruit and Tree Nut Research Laboratory, USDAAgricultural Research Service, Byron, GA); Shelby, Kent S (Biological Control of Insects Research Laboratory, USDAAgricultural Research Service, Columbia, MO); Coudron, Thomas A (Biological Control of Insects Research Laboratory, USDAAgricultural Research Service, Columbia, MO)","Geisert, Ryan W (Biological Control of Insects Research Laboratory)",Tulane University; Southeastern Fruit and Tree Nut Research Laboratory; Agricultural Research Service - Midwest Area; Biological Control of Insects Research Laboratory,grid.265219.b; grid.512873.a; grid.508983.f; grid.512859.2,New Orleans; Byron; Peoria; Columbia,Louisiana; Georgia; Illinois; Missouri,United States; United States; United States; United States,Agricultural Research Service,US Federal Funders; USDA - United States Department of Agriculture,United States,8,0.36,1.28,1.0,31 Biological Sciences; 3109 Zoology,A05 Biological Sciences,
pub.1110644354,Comparative Susceptibility of Western Corn Rootworm (Coleoptera: Chrysomelidae) Neonates to Selected Insecticides and Bt Proteins in the Presence and Absence of Feeding Stimulants,"The susceptibility of western corn rootworm, Diabrotica virgifera virgifera LeConte, larvae to nine insecticides from five different classes and to Bt proteins eCry3.1Ab and mCry3A in the presence or absence of feeding stimulants, was estimated in filter paper and diet toxicity assays, respectively. The use of a synthetic feeding stimulant blend of the sugars glucose, sucrose, and fructose plus linoleic acid at a ratio of 30:4:4:0.3 mg/ml of distilled water was evaluated to determine whether they increase the efficacy of insecticides and Bt proteins. The efficacy of thiamethoxam diluted in solutions with feeding stimulants was significantly increased when compared to thiamethoxam dilutions in water (>60-fold). Differences in the efficacy of the other insecticide classes when diluted in feeding stimulant solutions were no greater than fivefold when compared to the insecticides diluted in water. The presence of corn root juice as a natural feeding stimulant diminished toxicity of the insecticides, except for thiamethoxam, even though larval fresh weight was higher when fed on root juice compared to feeding stimulant or water. The use of feeding stimulants in diet toxicity assays did not enhance efficacy of eCry3.1Ab nor mCry3A proteins. Feeding stimulants can be recommended in combination with thiamethoxam to increase larval mortality. These results are discussed in terms of applicability of feeding stimulants to improve susceptibility of western corn rootworm larvae to pesticides in general.",Journal of Economic Entomology,"0022-0493, 1938-291X",Oxford University Press (OUP),"animals; bacterial proteins; coleoptera; endotoxins; hemolysin proteins; insecticides; larva; plants, genetically modified; zea mays",2019,All OA; Bronze,Article,Research Article,"Pereira, Adriano E; Coudron, Thomas A; Shelby, Kent; French, B Wade; Bernklau, Elisa J; Bjostad, Louis B; Hibbard, Bruce E","Pereira, Adriano E (Plant Genetics Research Unit, USDA/ARS, Columbia, MO); Coudron, Thomas A (Biological Control of Insect Research Laboratory, USDA/ARS, Columbia, MO); Shelby, Kent (Biological Control of Insect Research Laboratory, USDA/ARS, Columbia, MO); French, B Wade (North Central Agricultural Research Laboratory, USDA/ARS, Brookings, SD); Bernklau, Elisa J (Department of Bioagricultural Sciences & Pest Management, Colorado State University, Fort Collins, CO); Bjostad, Louis B (Department of Bioagricultural Sciences & Pest Management, Colorado State University, Fort Collins, CO); Hibbard, Bruce E (Plant Genetics Research Unit, USDA/ARS, Columbia, MO)","Pereira, Adriano E (Agricultural Research Service  Midwest Area)",Agricultural Research Service - Plains Area; Colorado State University Fort Collins; Agricultural Research Service - Midwest Area,grid.508981.d; grid.47894.36; grid.508983.f,Fort Collins; Fort Collins; Peoria,Colorado; Colorado; Illinois,United States; United States; United States,Agricultural Research Service,US Federal Funders; USDA - United States Department of Agriculture,United States,4,0.36,0.68,,31 Biological Sciences; 3109 Zoology,"A06 Agriculture, Veterinary and Food Science",
pub.1122144556,Plant defense resistance in natural enemies of a specialist insect herbivore,"Plants defend themselves against herbivores through the production of toxic and deterrent metabolites. Adapted herbivores can tolerate and sometimes sequester these metabolites, allowing them to feed on defended plants and become toxic to their own enemies. Can herbivore natural enemies overcome sequestered plant defense metabolites to prey on adapted herbivores? To address this question, we studied how entomopathogenic nematodes cope with benzoxazinoid defense metabolites that are produced by grasses and sequestered by a specialist maize herbivore, the western corn rootworm. We find that nematodes from US maize fields in regions in which the western corn rootworm was present over the last 50 y are behaviorally and metabolically resistant to sequestered benzoxazinoids and more infective toward the western corn rootworm than nematodes from other parts of the world. Exposure of a benzoxazinoid-susceptible nematode strain to the western corn rootworm for 5 generations results in higher behavioral and metabolic resistance and benzoxazinoid-dependent infectivity toward the western corn rootworm. Thus, herbivores that are exposed to a plant defense sequestering herbivore can evolve both behavioral and metabolic resistance to plant defense metabolites, and these traits are associated with higher infectivity toward a defense sequestering herbivore. We conclude that plant defense metabolites that are transferred through adapted herbivores may result in the evolution of resistance in herbivore natural enemies. Our study also identifies plant defense resistance as a potential target for the improvement of biological control agents.",Proceedings of the National Academy of Sciences of the United States of America,"0027-8424, 1091-6490",Proceedings of the National Academy of Sciences,animals; benzoxazines; coleoptera; food chain; herbivory; host-parasite interactions; rhabditida; zea mays,2019,All OA; Bronze,Article,Research Article,"Zhang, Xi; van Doan, Cong; Arce, Carla C M; Hu, Lingfei; Gruenig, Sandra; Parisod, Christian; Hibbard, Bruce E; Herve, Maxime R; Nielson, Chad; Robert, Christelle A M; Machado, Ricardo A R; Erb, Matthias","Zhang, Xi (Institute of Plant Sciences, University of Bern, 3013 Bern, Switzerland); van Doan, Cong (Institute of Plant Sciences, University of Bern, 3013 Bern, Switzerland); Arce, Carla C M (Institute of Plant Sciences, University of Bern, 3013 Bern, Switzerland; Institute of Biology, University of Neuchatel, 2000 Neuchatel, Switzerland); Hu, Lingfei (Institute of Plant Sciences, University of Bern, 3013 Bern, Switzerland); Gruenig, Sandra (Institute of Plant Sciences, University of Bern, 3013 Bern, Switzerland); Parisod, Christian (Institute of Plant Sciences, University of Bern, 3013 Bern, Switzerland); Hibbard, Bruce E (Plant Genetics Research Unit, Agricultural Research Service, US Department of Agriculture, Columbia, MO 65211); Herve, Maxime R (Institut de Genetique, Environnement et Protection des Plantes (IGEPP), University of Rennes, French National Institute for Agricultural Research (INRA), UMRA 1349, F35000 Rennes, France); Nielson, Chad (North Central Agricultural Research Laboratory, Agricultural Research Service, US Department of Agriculture, Brookings, SD 57006); Robert, Christelle A M (Institute of Plant Sciences, University of Bern, 3013 Bern, Switzerland; christellerobert@ipsunibech ricardomachado@ipsunibech matthiaserb@ipsunibech); Machado, Ricardo A R (Institute of Plant Sciences, University of Bern, 3013 Bern, Switzerland; christellerobert@ipsunibech ricardomachado@ipsunibech matthiaserb@ipsunibech); Erb, Matthias (Institute of Plant Sciences, University of Bern, 3013 Bern, Switzerland; christellerobert@ipsunibech ricardomachado@ipsunibech matthiaserb@ipsunibech)","Robert, Christelle A M (University of Bern); Machado, Ricardo A R (University of Bern); Erb, Matthias (University of Bern)",Agricultural Research Service - Plains Area; University of Bern; University of Neuchâtel; Agricultural Research Service - Midwest Area; University of Rennes,grid.508981.d; grid.5734.5; grid.10711.36; grid.508983.f; grid.410368.8,Fort Collins; Bern; Neuchâtel; Peoria; Rennes,Colorado; Illinois,United States; Switzerland; Switzerland; United States; France,Agricultural Research Service; Swiss National Science Foundation,US Federal Funders; USDA - United States Department of Agriculture; cOAlition S,United States; Switzerland,63,2.93,9.97,92.0,"30 Agricultural, Veterinary and Food Sciences; 3001 Agricultural Biotechnology; 41 Environmental Sciences; 4103 Environmental Biotechnology",A05 Biological Sciences,
pub.1136052107,Temporal changes in metabolism late in seed development affect biomass composition,"The negative association between protein and oil production in soybean (Glycine max) seed is well-documented. However, this inverse relationship is based primarily on the composition of mature seed, which reflects the cumulative result of events over the course of soybean seed development and therefore does not convey information specific to metabolic fluctuations during developmental growth regimes. In this study, we assessed maternal nutrient supply via measurement of seed coat exudates and metabolite levels within the cotyledon throughout development to identify trends in the accumulation of central carbon and nitrogen metabolic intermediates. Active metabolic activity during late seed development was probed through transient labeling with 13C substrates. The results indicated: (1) a drop in lipid contents during seed maturation with a concomitant increase in carbohydrates, (2) a transition from seed filling to maturation phases characterized by quantitatively balanced changes in carbon use and CO2 release, (3) changes in measured carbon and nitrogen resources supplied maternally throughout development, (4) 13C metabolite production through gluconeogenic steps for sustained carbohydrate accumulation as the maternal nutrient supply diminishes, and (5) oligosaccharide biosynthesis within the seed coat during the maturation phase. These results highlight temporal engineering targets for altering final biomass composition to increase the value of soybeans and a path to breaking the inverse correlation between seed protein and oil content.",Plant Physiology,"0032-0889, 1532-2548",Oxford University Press (OUP),biomass; carbohydrate metabolism; carbon; carbon dioxide; carbon isotopes; cotyledon; lipid metabolism; nitrogen; oligosaccharides; plant oils; plant proteins; seeds; glycine max,2021,All OA; Bronze,Article,Research Article,"Kambhampati, Shrikaar; AznarMoreno, Jose A; Bailey, Sally R; Arp, Jennifer J; Chu, Kevin L; Bilyeu, Kristin D; Durrett, Timothy P; Allen, Doug K","Kambhampati, Shrikaar (Donald Danforth Plant Science Center, St Louis, Missouri 63132, USA); AznarMoreno, Jose A (Department of Biochemistry and Molecular Biophysics, Kansas State University, Manhattan, Kansas 66506, USA); Bailey, Sally R (United States Department of Agriculture, Agricultural Research Service, St Louis, Missouri 63132, USA); Arp, Jennifer J (Donald Danforth Plant Science Center, St Louis, Missouri 63132, USA); Chu, Kevin L (Donald Danforth Plant Science Center, St Louis, Missouri 63132, USA; United States Department of Agriculture, Agricultural Research Service, St Louis, Missouri 63132, USA; Institute of Biological Chemistry, Washington State University, Pullman, Washington 99164, USA); Bilyeu, Kristin D (United States Department of Agriculture, Agricultural Research Service, Columbia, Missouri 65211, USA); Durrett, Timothy P (Department of Biochemistry and Molecular Biophysics, Kansas State University, Manhattan, Kansas 66506, USA); Allen, Doug K (Donald Danforth Plant Science Center, St Louis, Missouri 63132, USA; United States Department of Agriculture, Agricultural Research Service, St Louis, Missouri 63132, USA)","Allen, Doug K (Donald Danforth Plant Science Center; United States Department of Agriculture, Agricultural Research Service, St Louis, Missouri 63132, USA)",Donald Danforth Plant Science Center; Washington State University; Kansas State University; Agricultural Research Service - Midwest Area,grid.34424.35; grid.30064.31; grid.36567.31; grid.508983.f,St Louis; Pullman; Manhattan; Peoria,Missouri; Washington; Kansas; Illinois,United States; United States; United States; United States,Directorate for Biological Sciences; National Cancer Institute; Agricultural Research Service; National Institute of Food and Agriculture,US Federal Funders; NSF - National Science Foundation; NIH - National Institutes of Health; ICRP - International Cancer Research Partnership; USDA - United States Department of Agriculture,United States; United States; United States; United States,51,2.75,7.01,6.0,31 Biological Sciences; 3106 Industrial Biotechnology,A05 Biological Sciences,
pub.1137437610,Expression Profiles of Digestive Genes in the Gut and Salivary Glands of Tarnished Plant Bug (Hemiptera: Miridae),"Host plant preference of agricultural pests may shift throughout the growing season, allowing the pests to persist on wild hosts when crops are not available. Lygus Hahn (Hemiptera: Miridae) bugs are severe pests of cotton during flowering and fruiting stages, but can persist on alternative crops, or on weed species. Diversity of digestive enzymes produced by salivary glands and gut tissues play a pivotal role in an organism's ability to utilize various food sources. Polyphagous insects produce an array of enzymes that can process carbohydrates, lipids, and proteins. In this study, the digestive enzyme repertoire of the tarnished plant bug, Lygus lineolaris (Palisot de Beauvois), was identified by high-throughput sequencing followed by cDNA cloning and sequencing. This study identified 87 digestive genes, including 30 polygalacturonases (PG), one β-galactosidase, three α-glucosidases, six β-glucosidases, 28 trypsin-like proteases, three serine proteases, one apyrase-like protease, one cysteine protease, 12 lipases, and two transcripts with low similarity to a xylanase A-like genes. RNA-Seq expression profiles of these digestive genes in adult tarnished plant bugs revealed that 57 and 12 genes were differentially expressed in the salivary gland and gut (≥5-fold, P ≤ 0.01), respectively. All polygalacturonase genes, most proteases, and two xylanase-like genes were differentially expressed in salivary glands, while most of the carbohydrate and lipid processing enzymes were differentially expressed in the gut. Seven of the proteases (KF208689, KF208697, KF208698, KF208699, KF208700, KF208701, and KF208702) were not detected in either the gut or salivary glands.",Journal of Insect Science,"1433-6863, 1536-2442",Oxford University Press (OUP),"animals; digestion; genes, insect; heteroptera; intestines; rna-seq; salivary glands; transcriptome",2021,All OA; Gold,Article,Research Article,"Perera, Omaththage P; Shelby, Kent S; Pierce, Calvin A; Snodgrass, Gordon L","Perera, Omaththage P (Southern Insect Management Research Unit, USDA, Agricultural Research Service, Stoneville, MS 38776); Shelby, Kent S (Biological Control of Insects Research Laboratory, USDA, Agricultural Research Service, 1503 S Providence Road, Columbia, MO 65203); Pierce, Calvin A (Southern Insect Management Research Unit, USDA, Agricultural Research Service, Stoneville, MS 38776); Snodgrass, Gordon L (Southern Insect Management Research Unit, USDA, Agricultural Research Service, Stoneville, MS 38776)","Perera, Omaththage P (Agricultural Research Service  Southeast Area)",Agricultural Research Service - Southeast Area; Biological Control of Insects Research Laboratory,grid.508985.9; grid.512859.2,Greenville; Columbia,Mississippi; Missouri,United States; United States,Agricultural Research Service; Cotton Inc,US Federal Funders; USDA - United States Department of Agriculture,United States; United States,12,0.64,2.25,,31 Biological Sciences; 3102 Bioinformatics and Computational Biology,"A03 Allied Health Professions, Dentistry, Nursing and Pharmacy",
pub.1138919322,"Mutation of the nuclear pore complex component, aladin1, disrupts asymmetric cell division in Zea mays (maize)","The nuclear pore complex (NPC) regulates the movement of macromolecules between the nucleus and cytoplasm. Dysfunction of many components of the NPC results in human genetic diseases, including triple A syndrome (AAAS) as a result of mutations in ALADIN. Here, we report a nonsense mutation in the maize ortholog, aladin1 (ali1-1), at the orthologous amino acid residue of an AAAS allele from humans, alters plant stature, tassel architecture, and asymmetric divisions of subsidiary mother cells (SMCs). Crosses with the stronger nonsense allele ali1-2 identified complex allele interactions for plant height and aberrant SMC division. RNA-seq analysis of the ali1-1 mutant identified compensatory transcript accumulation for other NPC components as well as gene expression consequences consistent with conservation of ALADIN1 functions between humans and maize. These findings demonstrate that ALADIN1 is necessary for normal plant development, shoot architecture, and asymmetric cell division in maize.","G3: Genes, Genomes, Genetics",2160-1836,Oxford University Press (OUP),adrenal insufficiency; plant proteins; zea mays; mutation; nuclear pore; humans; esophageal achalasia; cell division; asymmetric cell division,2021,All OA; Gold,Article,Research Article,"Best, Norman B; AddoQuaye, Charles; Kim, BongSuk; Weil, Clifford F; Schulz, Burkhard; Johal, Guri; Dilkes, Brian P","Best, Norman B (Plant Genetics Research Unit, USDA, Agriculture Research Service, Columbia, MO 65211, USA; Department of Horticulture & Landscape Architecture, Purdue University, West Lafayette, IN 47907, USA; Department of Biochemistry, Purdue University, West Lafayette, IN 47907, USA); AddoQuaye, Charles (Department of Biochemistry, Purdue University, West Lafayette, IN 47907, USA; Natural Sciences and Mathematics Division, LewisClark State College, Lewiston, ID 83501, USA); Kim, BongSuk (Department of Botany and Plant Pathology, Purdue University, West Lafayette, IN 47907, USA); Weil, Clifford F (Department of Agronomy, Purdue University, West Lafayette, IN 47907, USA; Center for Plant Biology, Purdue University, West Lafayette, IN 47907, USA); Schulz, Burkhard (Department of Horticulture & Landscape Architecture, Purdue University, West Lafayette, IN 47907, USA); Johal, Guri (Department of Botany and Plant Pathology, Purdue University, West Lafayette, IN 47907, USA; Center for Plant Biology, Purdue University, West Lafayette, IN 47907, USA); Dilkes, Brian P (Department of Biochemistry, Purdue University, West Lafayette, IN 47907, USA; Center for Plant Biology, Purdue University, West Lafayette, IN 47907, USA)","Best, Norman B (Agricultural Research Service  Midwest Area; Purdue University West Lafayette; Purdue University West Lafayette); Dilkes, Brian P (Purdue University West Lafayette; Purdue University West Lafayette)",Agricultural Research Service - Midwest Area; Purdue University West Lafayette; Lewis Clark State College,grid.508983.f; grid.169077.e; grid.419281.7,Peoria; West Lafayette; Lewiston,Illinois; Indiana; Idaho,United States; United States; United States,National Institute of Food and Agriculture; Directorate for Biological Sciences,US Federal Funders; USDA - United States Department of Agriculture; NSF - National Science Foundation,United States; United States,13,0.62,2.67,2.0,31 Biological Sciences; 3102 Bioinformatics and Computational Biology; 3105 Genetics,A05 Biological Sciences,
pub.1139923738,"Agronomic performance of high oleic, low linolenic soybean in Tennessee","Abstract  Soybean oil hydrogenation alters the linolenic acid molecule to prevent the oil from becoming rancid, however, health reports have indicated trans‐fat caused by hydrogenation, is not generally regarded as safe. Typical soybeans contain approximately 80 g kg −1 to 120 g kg −1 linolenic acid and 240 g kg −1 of oleic acid. In an effort to accommodate the need for high‐quality oil, the United Soybean Board introduced an industry standard for a high oleic acid greater than 750 g kg −1 and linolenic acid less than 30 g kg −1 oil. By combing mutations in the soybean plant at four loci, FAD2‐1A and FAD2‐1B , oleate desaturase genes and FAD3A and FAD3C , linoleate desaturase genes, and seed oil will not require hydrogenation to prevent oxidation and produce high‐quality oil. In 2017 and 2018, a study comparing four near‐isogenic lines across multiple Tennessee locations was performed to identify agronomic traits associated with mutations in FAD3A and FAD3C loci, while holding FAD2‐1A and FAD2‐1B constant in the mutant (high oleic) state. Soybean lines were assessed for yield and oil quality based on mutations at FAD2‐1 and FAD3 loci. Variations of wild‐type and mutant genotypes were compared at FAD3A and FAD3C loci. Analysis using a generalized linear mixed model in SAS 9.4, indicated no yield drag or other negative agronomic traits associated with the high oleic and low linolenic acid genotype. All four mutations of fad2‐1A , fad2‐1B , fad3A , and fad3C were determined as necessary to produce a soybean with the new industry standard (>750 g kg −1 oleic and <30 g kg −1 linolenic acid) in a maturity group‐IV‐Late cultivar for Tennessee growers.",Journal of the American Oil Chemists' Society,"0003-021X, 1558-9331",Wiley,,2021,Closed,Article,Research Article,"Willette, Alison; Fallen, Benjamin; Bhandari, Hem; Sams, Carl; Chen, Feng; Sykes, Virginia; Smallwood, Chris; Bilyeu, Kristin; Li, Zenglu; Pantalone, Vincent","Willette, Alison (Department of Plant Sciences, University of Tennessee, Knoxville, Tennessee, USA); Fallen, Benjamin (Soybean and Nitrogen Fixation Unit, USDAARS, Raleigh, North Carolina, USA); Bhandari, Hem (Department of Plant Sciences, University of Tennessee, Knoxville, Tennessee, USA); Sams, Carl (Department of Plant Sciences, University of Tennessee, Knoxville, Tennessee, USA); Chen, Feng (Department of Plant Sciences, University of Tennessee, Knoxville, Tennessee, USA); Sykes, Virginia (Department of Plant Sciences, University of Tennessee, Knoxville, Tennessee, USA); Smallwood, Chris (Department of Plant Sciences, University of Tennessee, Knoxville, Tennessee, USA); Bilyeu, Kristin (Plant Genetics Research Unit, USDAARS, Columbia, Missouri, USA); Li, Zenglu (Department of Crop and Soil Sciences, University of Georgia, Athens, Georgia, USA); Pantalone, Vincent (Department of Plant Sciences, University of Tennessee, Knoxville, Tennessee, USA)","Fallen, Benjamin (Agricultural Research Service  Southeast Area)",Agricultural Research Service - Southeast Area; University of Tennessee Knoxville; Agricultural Research Service - Midwest Area; University of Georgia,grid.508985.9; grid.411461.7; grid.508983.f; grid.213876.9,Greenville; Knoxville; Peoria; Athens,Mississippi; Tennessee; Illinois; Georgia,United States; United States; United States; United States,Agricultural Research Service,US Federal Funders; USDA - United States Department of Agriculture,United States,4,,1.07,,"30 Agricultural, Veterinary and Food Sciences; 3004 Crop and Pasture Production","A06 Agriculture, Veterinary and Food Science",
pub.1140698599,"Predicting phenotypes from genetic, environment, management, and historical data using CNNs","Key MessageConvolutional Neural Networks (CNNs) can perform similarly or better than standard genomic prediction methods when sufficient genetic, environmental, and management data are provided.AbstractPredicting phenotypes from genetic (G), environmental (E), and management (M) conditions is a long-standing challenge with implications to agriculture, medicine, and conservation. Most methods reduce the factors in a dataset (feature engineering) in a subjective and potentially oversimplified manner. Deep neural networks such as Multilayer Perceptrons (MPL) and Convolutional Neural Networks (CNN) can overcome this by allowing the data itself to determine which factors are most important. CNN models were developed for predicting agronomic yield from a combination of replicated trials and historical yield survey data. The results were more accurate than standard methods when tested on held-out G, E, and M data (r = 0.50 vs. r = 0.43), and performed slightly worse than standard methods when only G was held out (r = 0.74 vs. r = 0.80). Pre-training on historical data increased accuracy compared to trial data alone. Saliency map analysis indicated the CNN has “learned” to prioritize many factors of known agricultural importance.",Theoretical and Applied Genetics,"0040-5752, 1432-2242",Springer Nature,"crops, agricultural; data mining; genomics; machine learning; neural networks, computer; phenotype; zea mays",2021,Closed,Article,Research Article,"Washburn, Jacob D; Cimen, Emre; Ramstein, Guillaume; Reeves, Timothy; OBriant, Patrick; McLean, Greg; Cooper, Mark; Hammer, Graeme; Buckler, Edward S","Washburn, Jacob D (United States Department of Agriculture, Agricultural Research Service, 65211, Columbia, MO, USA); Cimen, Emre (Institute for Genomic Diversity, Cornell University, 14853, Ithaca, NY, USA; Computational Intelligence and Optimization Laboratory, Industrial Engineering Department, Eskisehir Technical University, Eskisehir, Turkey); Ramstein, Guillaume (Institute for Genomic Diversity, Cornell University, 14853, Ithaca, NY, USA; Center for Quantitative Genetics and Genomics, Aarhus University, 8000, Aarhus, Denmark); Reeves, Timothy (Institute for Genomic Diversity, Cornell University, 14853, Ithaca, NY, USA); OBriant, Patrick (Institute for Genomic Diversity, Cornell University, 14853, Ithaca, NY, USA); McLean, Greg (Queensland Alliance for Agriculture and Food Innovation, The University of Queensland, St Lucia, 4072, Brisbane, QLD, Australia); Cooper, Mark (Queensland Alliance for Agriculture and Food Innovation, The University of Queensland, St Lucia, 4072, Brisbane, QLD, Australia); Hammer, Graeme (Queensland Alliance for Agriculture and Food Innovation, The University of Queensland, St Lucia, 4072, Brisbane, QLD, Australia); Buckler, Edward S (Institute for Genomic Diversity, Cornell University, 14853, Ithaca, NY, USA; Department of Agriculture, Agricultural Research Service, 14850, Ithaca, NY, USA)","Washburn, Jacob D (Agricultural Research Service  Midwest Area)",Aarhus University; Agricultural Research Service; Agricultural Research Service - Midwest Area; Eskisehir Technical University; Cornell University; University of Queensland,grid.7048.b; grid.463419.d; grid.508983.f; grid.502985.3; grid.5386.8; grid.1003.2,Aarhus; Washington D.C.; Peoria; Eskişehir; Ithaca; Brisbane,District of Columbia; Illinois; New York; Queensland,Denmark; United States; United States; Turkey; United States; Australia,Agricultural Research Service; Directorate for Biological Sciences,US Federal Funders; USDA - United States Department of Agriculture; NSF - National Science Foundation,United States; United States,46,1.73,10.21,2.0,"30 Agricultural, Veterinary and Food Sciences; 3004 Crop and Pasture Production; 31 Biological Sciences; 3105 Genetics; 3108 Plant Biology",B11 Computer Science and Informatics,
pub.1140876738,Up-regulation of apoptotic- and cell survival-related gene pathways following exposures of western corn rootworm to B. thuringiensis crystalline pesticidal proteins in transgenic maize roots,"BackgroundResistance of pest insect species to insecticides, including B. thuringiensis (Bt) pesticidal proteins expressed by transgenic plants, is a threat to global food security. Despite the western corn rootworm, Diabrotica virgifera virgifera, being a major pest of maize and having populations showing increasing levels of resistance to hybrids expressing Bt pesticidal proteins, the cell mechanisms leading to mortality are not fully understood.ResultsTwenty unique RNA-seq libraries from the Bt susceptible D. v. virgifera inbred line Ped12, representing all growth stages and a range of different adult and larval exposures, were assembled into a reference transcriptome. Ten-day exposures of Ped12 larvae to transgenic Bt Cry3Bb1 and Gpp34/Tpp35Ab1 maize roots showed significant differential expression of 1055 and 1374 transcripts, respectively, compared to cohorts on non-Bt maize. Among these, 696 were differentially expressed in both Cry3Bb1 and Gpp34/Tpp35Ab1 maize exposures. Differentially-expressed transcripts encoded protein domains putatively involved in detoxification, metabolism, binding, and transport, were, in part, shared among transcripts that changed significantly following exposures to the entomopathogens Heterorhabditis bacteriophora and Metarhizium anisopliae. Differentially expressed transcripts in common between Bt and entomopathogen treatments encode proteins in general stress response pathways, including putative Bt binding receptors from the ATP binding cassette transporter superfamily. Putative caspases, pro- and anti-apoptotic factors, as well as endoplasmic reticulum (ER) stress-response factors were identified among transcripts uniquely up-regulated following exposure to either Bt protein.ConclusionsOur study suggests that the up-regulation of genes involved in ER stress management and apoptotic progression may be important in determining cell fate following exposure of susceptible D. v. virgifera larvae to Bt maize roots. This study provides novel insights into insect response to Bt intoxication, and a possible framework for future investigations of resistance mechanisms.",BMC Genomics,1471-2164,Springer Nature,"animals; bacillus thuringiensis; cell survival; coleoptera; endotoxins; insecticide resistance; larva; pest control, biological; pesticides; plants, genetically modified; up-regulation; zea mays",2021,All OA; Gold,Article,Research Article,"Coates, Brad S; Deleury, Emeline; Gassmann, Aaron J; Hibbard, Bruce E; Meinke, Lance J; Miller, Nicholas J; PetzoldMaxwell, Jennifer; French, B Wade; Sappington, Thomas W; Siegfried, Blair D; Guillemaud, Thomas","Coates, Brad S (USDAARS, Corn Insects & Crop Genetics Research Unit, 103 Genetics Laboratory, Iowa State University, 50011, Ames, IA, USA); Deleury, Emeline (INRAE, CNRS, Universite Cote dAzur, ISA, France); Gassmann, Aaron J (Department of Entomology, Iowa State University, Ames, IA, USA); Hibbard, Bruce E (USDAARS, Plant Genetics Research Unit, Columbia, MO, USA); Meinke, Lance J (Department of Entomology, University of Nebraska, Lincoln, NE, USA); Miller, Nicholas J (Illinois Institute of Technology, Chicago, IL, USA); PetzoldMaxwell, Jennifer (Department of Entomology, Iowa State University, Ames, IA, USA); French, B Wade (USDAARS, North Central Agricultural Research Laboratory, Brookings, SD, USA); Sappington, Thomas W (USDAARS, Corn Insects & Crop Genetics Research Unit, 103 Genetics Laboratory, Iowa State University, 50011, Ames, IA, USA); Siegfried, Blair D (University of Florida, Gainesville, FL, USA); Guillemaud, Thomas (INRAE, CNRS, Universite Cote dAzur, ISA, France)","Coates, Brad S (Iowa State University of Science and Technology)",Iowa State University of Science and Technology; University of Florida; Université Côte d'Azur; Agricultural Research Service - Plains Area; Illinois Institute of Technology; University of Nebraska–Lincoln; Agricultural Research Service - Midwest Area,grid.34421.30; grid.15276.37; grid.460782.f; grid.508981.d; grid.62813.3e; grid.24434.35; grid.508983.f,Ames; Gainesville; Nice; Fort Collins; Chicago; Lincoln; Peoria,Iowa; Florida; Colorado; Illinois; Nebraska; Illinois,United States; United States; France; United States; United States; United States; United States,Agricultural Research Service,US Federal Funders; USDA - United States Department of Agriculture,United States,10,0.82,,1.0,31 Biological Sciences; 32 Biomedical and Clinical Sciences,A05 Biological Sciences,
pub.1150184546,Dedicated farnesyl diphosphate synthases circumvent isoprenoid‐derived growth‐defense tradeoffs in Zea mays,"Zea mays (maize) makes phytoalexins such as sesquiterpenoid zealexins, to combat invading pathogens. Zealexins are produced from farnesyl diphosphate in microgram per gram fresh weight quantities. As farnesyl diphosphate is also a precursor for many compounds essential for plant growth, the question arises as to how Z. mays produces high levels of zealexins without negatively affecting vital plant systems. To examine if specific pools of farnesyl diphosphate are made for zealexin synthesis we made CRISPR/Cas9 knockouts of each of the three farnesyl diphosphate synthases (FPS) in Z. mays and examined the resultant impacts on different farnesyl diphosphate-derived metabolites. We found that FPS3 (GRMZM2G098569) produced most of the farnesyl diphosphate for zealexins, while FPS1 (GRMZM2G168681) made most of the farnesyl diphosphate for the vital respiratory co-factor ubiquinone. Indeed, fps1 mutants had strong developmental phenotypes such as reduced stature and development of chlorosis. The replication and evolution of the fps gene family in Z. mays enabled it to produce dedicated FPSs for developmentally related ubiquinone production (FPS1) or defense-related zealexin production (FPS3). This partitioning of farnesyl diphosphate production between growth and defense could contribute to the ability of Z. mays to produce high levels of phytoalexins without negatively impacting its growth.",The Plant Journal,"0960-7412, 1365-313X",Wiley,geranyltranstransferase; polyisoprenyl phosphates; sesquiterpenes; terpenes; ubiquinone; zea mays; phytoalexins,2022,Closed,Article,Research Article,"Tang, Hoang V; Berryman, David L; Mendoza, Jorrel; YactayoChang, Jessica P; Li, QinBao; Christensen, Shawn A; Hunter, Charles T; Best, Norman; Soubeyrand, Eric; Akhtar, Tariq A; Basset, Gilles J; Block, Anna K","Tang, Hoang V (Chemistry Research Unit, US Department of AgricultureAgricultural Research Service, Center for Medical, Agricultural and Veterinary Entomology, Gainesville, FL, USA); Berryman, David L (Chemistry Research Unit, US Department of AgricultureAgricultural Research Service, Center for Medical, Agricultural and Veterinary Entomology, Gainesville, FL, USA; Department of Horticultural Sciences, University of Florida, Gainesville, FL, USA); Mendoza, Jorrel (Chemistry Research Unit, US Department of AgricultureAgricultural Research Service, Center for Medical, Agricultural and Veterinary Entomology, Gainesville, FL, USA); YactayoChang, Jessica P (Chemistry Research Unit, US Department of AgricultureAgricultural Research Service, Center for Medical, Agricultural and Veterinary Entomology, Gainesville, FL, USA); Li, QinBao (Chemistry Research Unit, US Department of AgricultureAgricultural Research Service, Center for Medical, Agricultural and Veterinary Entomology, Gainesville, FL, USA); Christensen, Shawn A (Chemistry Research Unit, US Department of AgricultureAgricultural Research Service, Center for Medical, Agricultural and Veterinary Entomology, Gainesville, FL, USA); Hunter, Charles T (Chemistry Research Unit, US Department of AgricultureAgricultural Research Service, Center for Medical, Agricultural and Veterinary Entomology, Gainesville, FL, USA); Best, Norman (Plant Genetics Research Unit, US Department of AgricultureAgricultural Research Service, Columbia, MO, USA); Soubeyrand, Eric (Molecular and Cellular Biology Department, University of Guelph, Guelph, ON, Canada); Akhtar, Tariq A (Molecular and Cellular Biology Department, University of Guelph, Guelph, ON, Canada); Basset, Gilles J (Department of Horticultural Sciences, University of Florida, Gainesville, FL, USA); Block, Anna K (Chemistry Research Unit, US Department of AgricultureAgricultural Research Service, Center for Medical, Agricultural and Veterinary Entomology, Gainesville, FL, USA)","Block, Anna K (Agricultural Research Service  Southeast Area)",University of Guelph; University of Florida; Agricultural Research Service - Southeast Area,grid.34429.38; grid.15276.37; grid.508985.9,Guelph; Gainesville; Greenville,Ontario; Florida; Mississippi,Canada; United States; United States,National Institute of Food and Agriculture; Agricultural Research Service; Directorate for Biological Sciences; United States Department of Agriculture,US Federal Funders; USDA - United States Department of Agriculture; NSF - National Science Foundation,United States; United States; United States; United States,11,0.95,2.18,11.0,31 Biological Sciences; 3106 Industrial Biotechnology,A05 Biological Sciences,
pub.1150688836,Transcriptional responses to gibberellin in the maize tassel and control by DELLA domain proteins,"The plant hormone gibberellin (GA) impacts plant growth and development differently depending on the developmental context. In the maize (Zea mays) tassel, application of GA alters floral development, resulting in the persistence of pistils. GA signaling is achieved by the GA-dependent turnover of DELLA domain transcription factors, encoded by dwarf8 (d8) and dwarf9 (d9) in maize. The D8-Mpl and D9-1 alleles disrupt GA signaling, resulting in short plants and normal tassel floret development in the presence of excess GA. However, D9-1 mutants are unable to block GA-induced pistil development. Gene expression in developing tassels of D8-Mpl and D9-1 mutants and their wild-type siblings was determined upon excess GA3 and mock treatments. Using GA-sensitive transcripts as reporters of GA signaling, we identified a weak loss of repression under mock conditions in both mutants, with the effect in D9-1 being greater. D9-1 was also less able to repress GA signaling in the presence of excess GA3 . We treated a diverse set of maize inbred lines with excess GA3 and measured the phenotypic consequences on multiple aspects of development (e.g., height and pistil persistence in tassel florets). Genotype affected all GA-regulated phenotypes but there was no correlation between any of the GA-affected phenotypes, indicating that the complexity of the relationship between GA and development extends beyond the two-gene epistasis previously demonstrated for GA and brassinosteroid biosynthetic mutants.",The Plant Journal,"0960-7412, 1365-313X",Wiley,"gibberellins; zea mays; plant growth regulators; inflorescence; brassinosteroids; plants; transcription factors; plant proteins; gene expression regulation, plant; arabidopsis proteins",2022,All OA; Hybrid,Article,Research Article,"Best, Norman B; Dilkes, Brian P","Best, Norman B (USDA, Agriculture Research Service, Plant Genetics Research Unit, Columbia, Missouri, 65211, USA); Dilkes, Brian P (Department of Biochemistry, Purdue University; West Lafayette, Indiana, 47907, USA; Center for Plant Biology, Purdue University, West Lafayette, Indiana, 47907, USA)","Best, Norman B (Agricultural Research Service  Midwest Area); Dilkes, Brian P (Purdue University West Lafayette; Purdue University West Lafayette)",Agricultural Research Service - Midwest Area; Purdue University West Lafayette,grid.508983.f; grid.169077.e,Peoria; West Lafayette,Illinois; Indiana,United States; United States,National Institute of Food and Agriculture; Directorate for Biological Sciences; Agricultural Research Service,US Federal Funders; USDA - United States Department of Agriculture; NSF - National Science Foundation,United States; United States; United States,12,0.82,2.71,10.0,31 Biological Sciences; 3101 Biochemistry and Cell Biology; 3108 Plant Biology,A05 Biological Sciences,
pub.1158022365,Selecting recombinants to stack high protein with high oleic acid and low linoleic acid in soybean (Glycine max),"Abstract Soybean accounts for over a quarter of the world's oilseed consumption and over 70% of the world's protein meal consumption. The separate development of high oleic, low linolenic acid (HOLL) soybean and high‐protein (HP) soybean means that no soybean cultivar on the market has an optimal fatty acid profile and increased protein. The objective of this study was to develop and evaluate high protein, high oleic acid, and low linolenic acid (HP‐HOLL) soybean. A five‐gene stack was created using a two‐phase forward breeding scheme and marker‐assisted selection method. Forty‐six HP‐HOLL lines from three genetic backgrounds were grown in six environments in the Southeast United States. Although genotype‐by‐environment interaction was significant for seed composition traits, lines met the >75% and <3% cutoffs for oleic acid and linolenic acid, respectively, and met or exceeded the protein concentration of the HP parent. No negative interaction could be detected between the HP and HOLL traits. Additionally, yield testing in four environments indicated yield parity for some lines, suggesting HP and HOLL soybean cultivars with high yield could be selected.",Plant Breeding,"0179-9541, 1439-0523",Wiley,,2023,All OA; Hybrid,Article,Research Article,"McDonald, Samuel C; Bilyeu, Kristin; Koebernick, Jenny; Buckley, Blair; Fallen, Benjamin; Mian, M A Rouf; Li, Zenglu","McDonald, Samuel C (Institute of Plant Breeding, Genetics, and Genomics, and Department of Crop and Soil Sciences, University of Georgia, Athens, Georgia, USA); Bilyeu, Kristin (Plant Genetics Research Unit, USDAARS, Columbia, Missouri, USA); Koebernick, Jenny (Department of Crop, Soil, and Environmental Sciences, Auburn University, Auburn, Alabama, USA); Buckley, Blair (LSU AgCenter, Louisiana State University, Bossier City, Louisiana, USA); Fallen, Benjamin (Soybean and Nitrogen Fixation Research Unit, USDAARS, Raleigh, North Carolina, USA); Mian, M A Rouf (Soybean and Nitrogen Fixation Research Unit, USDAARS, Raleigh, North Carolina, USA); Li, Zenglu (Institute of Plant Breeding, Genetics, and Genomics, and Department of Crop and Soil Sciences, University of Georgia, Athens, Georgia, USA)","Li, Zenglu (University of Georgia)",Auburn University; Louisiana State University; Agricultural Research Service - Midwest Area; Agricultural Research Service - Southeast Area; University of Georgia,grid.252546.2; grid.64337.35; grid.508983.f; grid.508985.9; grid.213876.9,Auburn; Baton Rouge; Peoria; Greenville; Athens,Alabama; Louisiana; Illinois; Mississippi; Georgia,United States; United States; United States; United States; United States,Agricultural Research Service; Baxter International Inc; National Institute of Food and Agriculture,US Federal Funders; USDA - United States Department of Agriculture,United States; United States; United States,4,,2.0,,"30 Agricultural, Veterinary and Food Sciences; 3002 Agriculture, Land and Farm Management; 3004 Crop and Pasture Production","A06 Agriculture, Veterinary and Food Science",
pub.1158364299,2018–2019 field seasons of the Maize Genomes to Fields (G2F) G x E project,"ObjectivesThis report provides information about the public release of the 2018–2019 Maize G X E project of the Genomes to Fields (G2F) Initiative datasets. G2F is an umbrella initiative that evaluates maize hybrids and inbred lines across multiple environments and makes available phenotypic, genotypic, environmental, and metadata information. The initiative understands the necessity to characterize and deploy public sources of genetic diversity to face the challenges for more sustainable agriculture in the context of variable environmental conditions.Data descriptionDatasets include phenotypic, climatic, and soil measurements, metadata information, and inbred genotypic information for each combination of location and year. Collaborators in the G2F initiative collected data for each location and year; members of the group responsible for coordination and data processing combined all the collected information and removed obvious erroneous data. The collaborators received the data before the DOI release to verify and declare that the data generated in their own locations was accurate. ReadMe and description files are available for each dataset. Previous years of evaluation are already publicly available, with common hybrids present to connect across all locations and years evaluated since this project’s inception.",BMC Genomic Data,"1471-2156, 2730-6844",Springer Nature,"phenotype; zea mays; seasons; genotype; genome, plant",2023,All OA; Gold,Article,Research Article,"Lima, Dayane Cristina; Aviles, Alejandro Castro; Alpers, Ryan Timothy; McFarland, Bridget A; Kaeppler, Shawn; Ertl, David; Romay, Maria Cinta; Gage, Joseph L; Holland, James; Beissinger, Timothy; Bohn, Martin; Buckler, Edward; Edwards, Jode; FlintGarcia, Sherry; Hirsch, Candice N; Hood, Elizabeth; Hooker, David C; Knoll, Joseph E; Kolkman, Judith M; Liu, Sanzhen; McKay, John; Minyo, Richard; Moreta, Danilo E; Murray, Seth C; Nelson, Rebecca; Schnable, James C; Sekhon, Rajandeep S; Singh, Maninder P; Thomison, Peter; Thompson, Addie; Tuinstra, Mitchell; Wallace, Jason; Washburn, Jacob D; Weldekidan, Teclemariam; Wisser, Randall J; Xu, Wenwei; de Leon, Natalia","Lima, Dayane Cristina (Department of Agronomy, University of WI  Madison, 53706, Madison, WI, USA); Aviles, Alejandro Castro (BASF Vegetable Seeds, 97305, Brooks, OR, USA); Alpers, Ryan Timothy (Department of Agronomy, University of WI  Madison, 53706, Madison, WI, USA); McFarland, Bridget A (PanamaUSA Commission for the Eradication and Prevention of Screwworm (COPEG), USDAAPHISIS, Pacora, Panama); Kaeppler, Shawn (Department of Agronomy, University of WI  Madison, 53706, Madison, WI, USA); Ertl, David (Iowa Corn Promotion Board, 50131, Johnston, IA, USA); Romay, Maria Cinta (Institute for Genomic Diversity, Cornell University, 14853, Ithaca, NY, USA); Gage, Joseph L (Department of Crop and Soil Sciences, North Carolina State University, 27695, Raleigh, NC, USA); Holland, James (USDAARS Plant Science Research Unit, 27606, Raleigh, NC, USA); Beissinger, Timothy (Department of Crop Science, University of Gottingen Center for Integrated Breeding Research, CarlSprengelWeg 1, 37075, Gottingen, Germany); Bohn, Martin (University of Illinois at UrbanaChampaign, 61801, Urbana, IL, USA); Buckler, Edward (USDAARS and Cornell University, 14853, Ithaca, NY, USA); Edwards, Jode (USDA ARS CICGRU, 716 Farmhouse Ln, 500111051, Ames, IA, USA); FlintGarcia, Sherry (USDAARS, 65211, Columbia, MO, USA); Hirsch, Candice N (Department of Agronomy and Plant Genetics, University of Minnesota, 55108, St Paul, MN, USA); Hood, Elizabeth (College of Agriculture, Arkansas Biosciences Institute, Arkansas State University, 72404, Jonesboro, AR, USA); Hooker, David C (Department of Plant Agriculture, University of Guelph, Ridgetown Campus, Ridgetown, ON, Canada); Knoll, Joseph E (USDAARS Crop Genetics and Breeding Research Unit, 31793, Tifton, GA, USA); Kolkman, Judith M (School of Integrative Plant Science, Cornell University, 14850, Ithaca, NY, USA); Liu, Sanzhen (Department of Plant Pathology, Kansas State University, 66503, Manhattan, KS, USA); McKay, John (Department of Agricultural Biology, Colorado State University, 80523, Fort Collins, CO, USA); Minyo, Richard (Department of Horticulture and Crop Science, Ohio State University College of Food, Agricultural, and Environmental Sciences, 44691, Wooster, OH, USA); Moreta, Danilo E (School of Integrative Plant Science, Cornell University, 14850, Ithaca, NY, USA); Murray, Seth C (Department of Soil and Crop Sciences, Texas A&M University, 77843, College Station, TX, USA); Nelson, Rebecca (Cornell University, 14853, Ithaca, NY, USA); Schnable, James C (Department of Agronomy and Horticulture, University of NebraskaLincoln, 68588, Lincoln, NE, USA); Sekhon, Rajandeep S (Department of Genetics and Biochemistry, Clemson University, 29634, Clemson, SC, USA); Singh, Maninder P (Department of Plant, Soil and Microbial Sciences, Michigan State University, 48824, East Lansing, MI, USA); Thomison, Peter (Ohio State University, 43210, Columbus, OH, USA); Thompson, Addie (Department of Plant, Soil and Microbial Sciences, Michigan State University, 48824, East Lansing, MI, USA); Tuinstra, Mitchell (Department of Agronomy, Purdue University, 49707, West Lafayette, IN, USA); Wallace, Jason (Department of Crop & Soil Sciences, University of Georgia, 30602, Athens, GA, USA); Washburn, Jacob D (USDAARS, 65211, Columbia, MO, USA); Weldekidan, Teclemariam (Department of Plant and Soil Sciences, University of Delaware, 19716, Newark, DE, USA); Wisser, Randall J (Department of Plant and Soil Sciences, University of Delaware, 19716, Newark, DE, USA; Laboratoire dEcophysiologie Des Plantes Sous Stress Environmentaux, INRAE, 34060, Montpellier, France); Xu, Wenwei (Texas A&M University, 77843, College Station, TX, USA); de Leon, Natalia (Department of Agronomy, University of WI  Madison, 53706, Madison, WI, USA)","Lima, Dayane Cristina (University of WisconsinMadison)",University of Guelph; Cornell University; Colorado State University Fort Collins; Biological Control of Insects Research Laboratory; Michigan State University; University of Illinois at Urbana-Champaign; Clemson University; University of Georgia; Texas A&M University; University of Minnesota Twin Cities; North Carolina State University; Iowa Corn Promotion Board; University of Göttingen; Kansas State University; Agricultural Research Service - Southeast Area; Purdue University West Lafayette; University of Delaware; Arkansas State University; University of Nebraska–Lincoln; University of Wisconsin–Madison; The Ohio State University; Agricultural Research Service - Midwest Area,grid.34429.38; grid.5386.8; grid.47894.36; grid.512859.2; grid.17088.36; grid.35403.31; grid.26090.3d; grid.213876.9; grid.264756.4; grid.17635.36; grid.40803.3f; grid.707902.b; grid.7450.6; grid.36567.31; grid.508985.9; grid.169077.e; grid.33489.35; grid.252381.f; grid.24434.35; grid.14003.36; grid.261331.4; grid.508983.f,Guelph; Ithaca; Fort Collins; Columbia; East Lansing; Urbana; Clemson; Athens; College Station; Minneapolis; Raleigh; Göttingen; Manhattan; Greenville; West Lafayette; Newark; Jonesboro; Lincoln; Madison; Columbus; Peoria,Ontario; New York; Colorado; Missouri; Michigan; Illinois; South Carolina; Georgia; Texas; Minnesota; North Carolina; Kansas; Mississippi; Indiana; Delaware; Arkansas; Nebraska; Wisconsin; Ohio; Illinois,Canada; United States; United States; United States; United States; United States; United States; United States; United States; United States; United States; United States; Germany; United States; United States; United States; United States; United States; United States; United States; United States; United States,Agricultural Research Service; National Institute of Food and Agriculture; Directorate for Biological Sciences,US Federal Funders; USDA - United States Department of Agriculture; NSF - National Science Foundation,United States; United States; United States,12,1.68,5.14,6.0,31 Biological Sciences; 3105 Genetics,"A06 Agriculture, Veterinary and Food Science",
pub.1160561812,Genetic evidence that brassinosteroids suppress pistils in the maize tassel independent of the jasmonic acid pathway,"The developmental genetics of reproductive structure control in maize must consider both the staminate florets of the tassel and the pistillate florets of the ear synflorescences. Pistil abortion takes place in the tassel florets, and stamen arrest is affected in ear florets to give rise to the monoecious nature of maize. Gibberellin (GA) deficiency results in increased tillering, a dwarfed plant syndrome, and the retention of anthers in the ear florets of maize. The silkless1 mutant results in suppression of silks in the ear. We demonstrate in this study that jasmonic acid (JA) and GA act independently and show additive phenotypes resulting in androecious dwarf1;silkless1 double mutant plants. The persistence of pistils in the tassel can be induced by multiple mechanisms, including JA deficiency, GA excess, genetic control of floral determinacy, and organ identity. The silkless1 mutant can suppress both silks in the ear and the silks in the tassel of JA-deficient and AP2 transcription factor tasselseed mutants. We previously demonstrated that GA production was required for brassinosteroid (BR) deficiency to affect persistence of pistils in the tassel. We find that BR deficiency affects pistil persistence by an independent mechanism from the silkless1 mutant and JA pathway. The silkless1 mutant did not prevent the formation of pistils in the tassel by nana plant2 in double mutants. In addition, we demonstrate that there is more to the silkless1 mutant than just a suppression of pistil growth. We document novel phenotypes of silkless1 mutants including weakly penetrant ear fasciation and anther persistence in the ear florets. Thus, the JA/AP2 mechanism of pistil retention in the tassel and silk growth in the ear are similarly sensitive to loss of the SILKLESS1 protein, while the BR/GA mechanism is not.",Plant Direct,2475-4455,Wiley,,2023,All OA; Gold,Article,Research Article,"Best, Norman; Dilkes, Brian","Best, Norman (Agriculture Research Service, Plant Genetics Research Unit, USDA, Columbia, Missouri, USA); Dilkes, Brian (Department of Biochemistry, Purdue University, West Lafayette, Indiana, USA; Center for Plant Biology, Purdue University, West Lafayette, Indiana, USA)","Best, Norman (Agricultural Research Service  Midwest Area); Dilkes, Brian (Purdue University West Lafayette; Purdue University West Lafayette)",Agricultural Research Service - Midwest Area; Purdue University West Lafayette,grid.508983.f; grid.169077.e,Peoria; West Lafayette,Illinois; Indiana,United States; United States,Agricultural Research Service; National Institute of Food and Agriculture; Directorate for Biological Sciences,US Federal Funders; USDA - United States Department of Agriculture; NSF - National Science Foundation,United States; United States; United States,8,0.84,3.19,6.0,31 Biological Sciences; 3105 Genetics; 3108 Plant Biology,A05 Biological Sciences,
pub.1160770349,Genomes to Fields 2022 Maize genotype by Environment Prediction Competition,"ObjectivesThe Genomes to Fields (G2F) 2022 Maize Genotype by Environment (GxE) Prediction Competition aimed to develop models for predicting grain yield for the 2022 Maize GxE project field trials, leveraging the datasets previously generated by this project and other publicly available data.Data descriptionThis resource used data from the Maize GxE project within the G2F Initiative [1]. The dataset included phenotypic and genotypic data of the hybrids evaluated in 45 locations from 2014 to 2022. Also, soil, weather, environmental covariates data and metadata information for all environments (combination of year and location). Competitors also had access to ReadMe files which described all the files provided. The Maize GxE is a collaborative project and all the data generated becomes publicly available [2]. The dataset used in the 2022 Prediction Competition was curated and lightly filtered for quality and to ensure naming uniformity across years.",BMC Research Notes,1756-0500,Springer Nature,"phenotype; zea mays; genotype; genome, plant; edible grain",2023,All OA; Gold,Article,Research Article,"Lima, Dayane Cristina; Washburn, Jacob D; Varela, Jose Ignacio; Chen, Qiuyue; Gage, Joseph L; Romay, Maria Cinta; Holland, James; Ertl, David; LopezCruz, Marco; Aguate, Fernando M; de los Campos, Gustavo; Kaeppler, Shawn; Beissinger, Timothy; Bohn, Martin; Buckler, Edward; Edwards, Jode; FlintGarcia, Sherry; Gore, Michael A; Hirsch, Candice N; Knoll, Joseph E; McKay, John; Minyo, Richard; Murray, Seth C; Ortez, Osler A; Schnable, James C; Sekhon, Rajandeep S; Singh, Maninder P; Sparks, Erin E; Thompson, Addie; Tuinstra, Mitchell; Wallace, Jason; Weldekidan, Teclemariam; Xu, Wenwei; de Leon, Natalia","Lima, Dayane Cristina (Department of Agronomy, University of Wisconsin  Madison, 53706, Madison, WI, USA); Washburn, Jacob D (USDAARS Plant Genetics Research Unit, 205 Curtis Hall, 65211, Columbia, MO, USA); Varela, Jose Ignacio (Department of Agronomy, University of Wisconsin  Madison, 53706, Madison, WI, USA); Chen, Qiuyue (Department of Crop and Soil Sciences, North Carolina State University, 27695, Raleigh, NC, USA); Gage, Joseph L (Department of Crop and Soil Sciences, North Carolina State University, 27695, Raleigh, NC, USA); Romay, Maria Cinta (Institute for Genomic Diversity, Cornell University, 14853, Ithaca, NY, USA); Holland, James (USDAARS Plant Science Research Unit, 27606, Raleigh, NC, USA); Ertl, David (Iowa Corn Promotion Board, 50131, Johnston, IA, USA); LopezCruz, Marco (Department of Epidemiology and Biostatistics, Institute for Quantitative Health Science and Engineering, Michigan State University, 48824, East Lansing, MI, USA); Aguate, Fernando M (Department of Epidemiology and Biostatistics, Institute for Quantitative Health Science and Engineering, Michigan State University, 48824, East Lansing, MI, USA); de los Campos, Gustavo (Department of Plant, Soil and Microbial Sciences, Department of Epidemiology and Biostatistics, Institute for Quantitative Health Science and Engineering, Michigan State University, 48824, East Lansing, MI, USA); Kaeppler, Shawn (Department of Agronomy, University of Wisconsin  Madison, 53706, Madison, WI, USA); Beissinger, Timothy (Department of Crop Science, Center for Integrated Breeding Research, University of Gottingen, CarlSprengelWeg 1, 37075, Gottingen, Germany); Bohn, Martin (University of Illinois at UrbanaChampaign, 61801, Urbana, IL, USA); Buckler, Edward (USDAARS and Cornell University, 14853, Ithaca, NY, USA); Edwards, Jode (USDA ARS CICGRU, 716 Farmhouse Ln, 500111051, Ames, IA, USA); FlintGarcia, Sherry (USDAARS Plant Genetics Research Unit, 205 Curtis Hall, 65211, Columbia, MO, USA); Gore, Michael A (Plant Breeding and Genetics Section, School of Integrative Plant Science, Cornell University, 14853, Ithaca, NY, USA); Hirsch, Candice N (Department of Agronomy and Plant Genetics, University of Minnesota, 55108, St Paul, MN, USA); Knoll, Joseph E (USDAARS Crop Genetics and Breeding Research Unit, 31793, Tifton, GA, USA); McKay, John (Department of Agricultural Biology, Colorado State University, 80523, Fort Collins, CO, USA); Minyo, Richard (Department of Horticulture and Crop Science, College of Food, Agricultural, and Environmental Sciences, Ohio State University, 44691, Wooster, OH, USA); Murray, Seth C (Department of Soil and Crop Sciences, Texas A&M University, 77843, College Station, TX, USA); Ortez, Osler A (Department of Horticulture and Crop Science, Ohio State University, 43210, Columbus, OH, USA); Schnable, James C (Department of Agronomy and Horticulture, University of NebraskaLincoln, 68588, Lincoln, NE, USA); Sekhon, Rajandeep S (Department of Genetics and Biochemistry, Clemson University, 29634, Clemson, SC, USA); Singh, Maninder P (Department of Plant, Soil and Microbial Sciences, Michigan State University, 48824, East Lansing, MI, USA); Sparks, Erin E (Department of Plant and Soil Sciences, University of Delaware, 19716, Newark, DE, USA); Thompson, Addie (Department of Plant, Soil and Microbial Sciences, Michigan State University, 48824, East Lansing, MI, USA); Tuinstra, Mitchell (Department of Agronomy, Purdue University, 49707, West Lafayette, IN, USA); Wallace, Jason (Department of Crop & Soil Sciences, University of Georgia, 30602, Athens, GA, USA); Weldekidan, Teclemariam (Department of Plant and Soil Sciences, University of Delaware, 19716, Newark, DE, USA); Xu, Wenwei (Texas A&M University, 77843, College Station, TX, USA); de Leon, Natalia (Department of Agronomy, University of Wisconsin  Madison, 53706, Madison, WI, USA)","Lima, Dayane Cristina (University of WisconsinMadison)",University of Göttingen; The Ohio State University; University of Georgia; Cornell University; Purdue University West Lafayette; Colorado State University Fort Collins; North Carolina State University; Michigan State University; University of Minnesota Twin Cities; Agricultural Research Service - Midwest Area; University of Illinois at Urbana-Champaign; Iowa Corn Promotion Board; University of Delaware; University of Wisconsin–Madison; Agricultural Research Service - Southeast Area; University of Nebraska–Lincoln; Clemson University; Texas A&M University,grid.7450.6; grid.261331.4; grid.213876.9; grid.5386.8; grid.169077.e; grid.47894.36; grid.40803.3f; grid.17088.36; grid.17635.36; grid.508983.f; grid.35403.31; grid.707902.b; grid.33489.35; grid.14003.36; grid.508985.9; grid.24434.35; grid.26090.3d; grid.264756.4,Göttingen; Columbus; Athens; Ithaca; West Lafayette; Fort Collins; Raleigh; East Lansing; Minneapolis; Peoria; Urbana; Newark; Madison; Greenville; Lincoln; Clemson; College Station,Ohio; Georgia; New York; Indiana; Colorado; North Carolina; Michigan; Minnesota; Illinois; Illinois; Delaware; Wisconsin; Mississippi; Nebraska; South Carolina; Texas,Germany; United States; United States; United States; United States; United States; United States; United States; United States; United States; United States; United States; United States; United States; United States; United States; United States; United States,Langley Research Center; Agricultural Research Service,NASA - National Aeronautics and Space Administration; US Federal Funders; USDA - United States Department of Agriculture,United States; United States,19,2.84,,,32 Biomedical and Clinical Sciences,"A06 Agriculture, Veterinary and Food Science",
pub.1166533194,Synthetically Labeled Images for Maize Plant Detection in UAS Images,"The detection of individual plants within field images is critical for many applications in precision agriculture and research. Computer vision models for object detection, while often highly accurate, require large amounts of labeled data for training, something that is not readily available for most plants. To address the challenge of creating large datasets with accurate labels, we used indoor images of maize plants to create synthetic field images with automatically derived bounding box labels, enabling the generation of thousands of synthetic images without any manual labeling. Training an object detection model (Faster R-CNN) exclusively on synthetic images led to a mean average precision (mAP) value of 0.533 when the model was evaluated on pre-processed real plot images. When fine-tuned with a small number of real plot images, the model pre-trained on the synthetic images (mAP = 0.884) outperformed the model that was not pre-trained.",Lecture Notes in Computer Science,"0302-9743, 1611-3349",Springer Nature,,2023,Closed,Chapter,Research Chapter,"Pandey, Piyush; Best, Norman B; Washburn, Jacob D","Pandey, Piyush (United States Department of Agriculture  Agricultural Research Service, Plant Genetics Research Unit, 65211, Columbia, MO, USA); Best, Norman B (United States Department of Agriculture  Agricultural Research Service, Plant Genetics Research Unit, 65211, Columbia, MO, USA); Washburn, Jacob D (United States Department of Agriculture  Agricultural Research Service, Plant Genetics Research Unit, 65211, Columbia, MO, USA)","Washburn, Jacob D (Agricultural Research Service  Midwest Area)",Agricultural Research Service - Midwest Area,grid.508983.f,Peoria,Illinois,United States,Agricultural Research Service; United States Department of Energy,US Federal Funders; USDA - United States Department of Agriculture; DoE - United States Department of Energy,United States; United States,0,,0.0,,46 Information and Computing Sciences; 4605 Data Management and Data Science,B11 Computer Science and Informatics,
pub.1170373738,Conservation and diversification of genes regulating brassinosteroid biosynthesis and signaling,"Brassinosteroids (BRs) are important regulators that control myriad aspects of plant growth and development including biotic and abiotic stress responses, such that modulating BR homeostasis and signaling presents enormous opportunities for plant breeding and crop improvement. Enzymes and proteins involved in the biosynthesis and signaling of BRs are well understood from molecular genetics and phenotypic analysis in Arabidopsis thaliana; however, knowledge of molecular function of these genes in other plant species, especially cereal crop plants, is highly limited. In this manuscript, we comprehensively review functional studies of BR genes in Arabidopsis, maize, rice, Setaria, Brachypodium, and soybean to identify conserved and diversified functions across plant species, and to highlight cases where additional research is in order. We performed phylogenetic analysis of gene families known to be involved in biosynthesis and signaling of BRs and re-analyzed publicly available transcriptomic data. Gene trees coupled to expression data provide a useful guide to supplement future research on BRs in these important crop species, such as to allow researchers to identify genes to target through gene editing techniques to perform BR-related functional studies.",bioRxiv,2692-8205,Cold Spring Harbor Laboratory,,2024,All OA; Green,Preprint,Review Article,"Zebosi, Brian; Vollbrecht, Erik; Best, Norman B","Zebosi, Brian (Department of Genetics, Development and Cell Biology, Iowa State University, Ames, Iowa 50011, USA); Vollbrecht, Erik (Department of Genetics, Development and Cell Biology, Iowa State University, Ames, Iowa 50011, USA); Best, Norman B (USDAARS, Plant Genetics Research Unit, Columbia, Missouri, 65201, USA)","Vollbrecht, Erik (Iowa State University of Science and Technology); Best, Norman B (Agricultural Research Service  Midwest Area)",Iowa State University of Science and Technology; Agricultural Research Service - Midwest Area,grid.34421.30; grid.508983.f,Ames; Peoria,Iowa; Illinois,United States; United States,National Institute of Food and Agriculture; Agricultural Research Service,US Federal Funders; USDA - United States Department of Agriculture,United States; United States,0,,,3.0,"30 Agricultural, Veterinary and Food Sciences; 3004 Crop and Pasture Production; 3008 Horticultural Production; 31 Biological Sciences; 3105 Genetics","A06 Agriculture, Veterinary and Food Science",
pub.1171378085,A maize semi-dwarf mutant reveals a GRAS transcription factor involved in brassinosteroid signaling,"Brassinosteroids (BR) and gibberellins (GA) regulate plant height and leaf angle in maize (Zea mays). Mutants with defects in BR or GA biosynthesis or signaling identify components of these pathways and enhance our knowledge about plant growth and development. In this study, we characterized three recessive mutant alleles of GRAS transcription factor 42 (gras42) in maize, a GRAS transcription factor gene orthologous to the DWARF AND LOW TILLERING (DLT) gene of rice (Oryza sativa). These maize mutants exhibited semi-dwarf stature, shorter and wider leaves, and more upright leaf angle. Transcriptome analysis revealed a role for GRAS42 as a determinant of BR signaling. Analysis of the expression consequences from loss of GRAS42 in the gras42-mu1021149 mutant indicated a weak loss of BR signaling in the mutant, consistent with its previously demonstrated role in BR signaling in rice. Loss of BR signaling was also evident by the enhancement of weak BR biosynthetic mutant alleles in double mutants of nana plant1-1 and gras42-mu1021149. The gras42-mu1021149 mutant had little effect on GA-regulated gene expression, suggesting that GRAS42 is not a regulator of core GA signaling genes in maize. Single-cell expression data identified gras42 expressed among cells in the G2/M phase of the cell cycle consistent with its previously demonstrated role in cell cycle gene expression in Arabidopsis (Arabidopsis thaliana). Cis-acting natural variation controlling GRAS42 transcript accumulation was identified by expression genome-wide association study (eGWAS) in maize. Our results demonstrate a conserved role for GRAS42/SCARECROW-LIKE 28 (SCL28)/DLT in BR signaling, clarify the role of this gene in GA signaling, and suggest mechanisms of tillering and leaf angle control by BR.",Plant Physiology,"0032-0889, 1532-2548",Oxford University Press (OUP),"zea mays; brassinosteroids; signal transduction; mutation; transcription factors; gene expression regulation, plant; plant proteins; gibberellins; plant leaves; phenotype; alleles; gene expression profiling; genes, plant",2024,All OA; Hybrid,Article,Research Article,"Kaur, Amanpreet; Best, Norman B; Hartwig, Thomas; Budka, Josh; Khangura, Rajdeep S; McKenzie, Steven; AragonRaygoza, Alejandro; Strable, Josh; Schulz, Burkhard; Dilkes, Brian P","Kaur, Amanpreet (Department of Biochemistry, Purdue University, West Lafayette, IN 47907, USA; Center for Plant Biology, Purdue University, West Lafayette, IN 47907, USA); Best, Norman B (Plant Genetics Research Unit, USDAARS, Columbia, MO 65211, USA); Hartwig, Thomas (Institute for Molecular Physiology, HeinrichHeineUniversitat Dusseldorf, 40225 Dusseldorf, Germany); Budka, Josh (Department of Biochemistry, Purdue University, West Lafayette, IN 47907, USA; Center for Plant Biology, Purdue University, West Lafayette, IN 47907, USA); Khangura, Rajdeep S (Department of Biochemistry, Purdue University, West Lafayette, IN 47907, USA; Center for Plant Biology, Purdue University, West Lafayette, IN 47907, USA); McKenzie, Steven (Department of Biochemistry, Purdue University, West Lafayette, IN 47907, USA; Center for Plant Biology, Purdue University, West Lafayette, IN 47907, USA); AragonRaygoza, Alejandro (Department of Molecular and Structural Biochemistry, North Carolina State University, Raleigh, NC 27695, USA); Strable, Josh (Department of Molecular and Structural Biochemistry, North Carolina State University, Raleigh, NC 27695, USA); Schulz, Burkhard (Department of Plant Science and Landscape Architecture, University of Maryland, College Park, MD 20742, USA); Dilkes, Brian P (Department of Biochemistry, Purdue University, West Lafayette, IN 47907, USA; Center for Plant Biology, Purdue University, West Lafayette, IN 47907, USA)","Dilkes, Brian P (Purdue University West Lafayette; Purdue University West Lafayette)","North Carolina State University; Heinrich Heine University Düsseldorf; Agricultural Research Service - Midwest Area; Purdue University West Lafayette; University of Maryland, College Park",grid.40803.3f; grid.411327.2; grid.508983.f; grid.169077.e; grid.164295.d,Raleigh; Düsseldorf; Peoria; West Lafayette; College Park,North Carolina; Illinois; Indiana; Maryland,United States; Germany; United States; United States; United States,Directorate for Biological Sciences; Office of Science; National Institute of Food and Agriculture; Office of Biological and Environmental Research,US Federal Funders; NSF - National Science Foundation; DoE - United States Department of Energy; USDA - United States Department of Agriculture,United States; United States; United States; United States,10,,,6.0,31 Biological Sciences; 3102 Bioinformatics and Computational Biology,A05 Biological Sciences,
pub.1172200195,Brassinosteroid biosynthesis and signaling: Conserved and diversified functions of core genes across multiple plant species,"Brassinosteroids (BRs) are important regulators that control myriad aspects of plant growth and development, including biotic and abiotic stress responses, such that modulating BR homeostasis and signaling presents abundant opportunities for plant breeding and crop improvement. Enzymes and other proteins involved in the biosynthesis and signaling of BRs are well understood from molecular genetics and phenotypic analysis in Arabidopsis thaliana; however, knowledge of the molecular functions of these genes in other plant species, especially cereal crop plants, is minimal. In this manuscript, we comprehensively review functional studies of BR genes in Arabidopsis, maize, rice, Setaria, Brachypodium, and soybean to identify conserved and diversified functions across plant species and to highlight cases for which additional research is in order. We performed phylogenetic analysis of gene families involved in the biosynthesis and signaling of BRs and re-analyzed publicly available transcriptomic data. Gene trees coupled with expression data provide a valuable guide to supplement future research on BRs in these important crop species, enabling researchers to identify gene-editing targets for BR-related functional studies.",Plant Communications,2590-3462,Elsevier,"brassinosteroids; signal transduction; gene expression regulation, plant; genes, plant; phylogeny; plant proteins; plants",2024,All OA; Gold,Article,Review Article,"Zebosi, Brian; Vollbrecht, Erik; Best, Norman B","Zebosi, Brian (Department of Genetics, Development and Cell Biology, Iowa State University, Ames, IA 50011, USA; Interdepartmental Genetics and Genomics Graduate Program, Iowa State University, Ames, IA 50011, USA); Vollbrecht, Erik (Department of Genetics, Development and Cell Biology, Iowa State University, Ames, IA 50011, USA; Interdepartmental Genetics and Genomics Graduate Program, Iowa State University, Ames, IA 50011, USA); Best, Norman B (USDAARS, Plant Genetics Research Unit, Columbia, MO 65201, USA)","Vollbrecht, Erik (Iowa State University of Science and Technology; Iowa State University of Science and Technology); Best, Norman B (Agricultural Research Service  Midwest Area)",Iowa State University of Science and Technology; Agricultural Research Service - Midwest Area,grid.34421.30; grid.508983.f,Ames; Peoria,Iowa; Illinois,United States; United States,National Institute of Food and Agriculture; Agricultural Research Service; Washington State Department of Agriculture,US Federal Funders; USDA - United States Department of Agriculture,United States; United States; United States,20,,,6.0,31 Biological Sciences; 3108 Plant Biology,"A06 Agriculture, Veterinary and Food Science",
pub.1174232320,High temporal resolution unoccupied aerial systems phenotyping provides unique information between flight dates,"Abstract Unoccupied aerial systems (UAS, unoccupied aerial vehicle, and drone) are high‐throughput phenotyping tools that can provide transformational insights into biological and agricultural research, but practical and scientific questions remain. The utility of dense versus sparse temporal collections (e.g., daily, weekly, and monthly flights) has important implications for experimental design, resource allocation, and the scope of scientific questions investigated through UAS. UAS‐derived image data were collected on over 1500 maize hybrid yield trial plots with a temporal (longitudinal, 4D) sampling density of 2.8 days on average between 43 flights throughout the growing season. Correlations of vegetation index (VI) phenomic features between flight dates were generally high between flights separated by only 1 or 2 days but dropped when 3, 4, or more days separated the flights. These varied depending on specific dates and the VI used. Correlations between flights were lower around flowering time than during other parts of the season indicating the phenotypic uniqueness of this developmental period. The cross‐validation accuracy of end of season yields prediction models on untested genotypes from the UAS data (0.59 and 0.62) far exceeded genomic prediction accuracy (0.24) for the same test set hybrids regardless of whether all flight dates were used for prediction or only dates before flowering. Phenomic prediction accuracy marginally increased as additional flight dates were added throughout the season.
Core Ideas    Temporally dense unoccupied aerial systems (UAS) data contain unique information.   Phenomic prediction outperformed genomic prediction.   Temporal UAS data improved prediction accuracy.",The Plant Phenome Journal,2578-2703,Wiley,,2024,All OA; Gold,Article,Research Article,"Washburn, Jacob D; Adak, Alper; DeSalvio, Aaron J; Arik, Mustafa A; Murray, Seth C","Washburn, Jacob D (USDAARS, Plant Genetics Research Unit, Columbia, Missouri, USA); Adak, Alper (Department of Soil and Crop Sciences, Texas A&M University, College Station, Texas, USA); DeSalvio, Aaron J (Interdisciplinary Graduate Program in Genetics and Genomics, Department of Biochemistry and Biophysics, Texas A&M University, College Station, Texas, USA); Arik, Mustafa A (Department of Soil and Crop Sciences, Texas A&M University, College Station, Texas, USA); Murray, Seth C (Department of Soil and Crop Sciences, Texas A&M University, College Station, Texas, USA)","Washburn, Jacob D (Agricultural Research Service  Midwest Area)",Texas A&M University; Agricultural Research Service - Midwest Area,grid.264756.4; grid.508983.f,College Station; Peoria,Texas; Illinois,United States; United States,National Institute of Food and Agriculture; Agricultural Research Service,US Federal Funders; USDA - United States Department of Agriculture,United States; United States,5,,,4.0,31 Biological Sciences; 3108 Plant Biology,"A06 Agriculture, Veterinary and Food Science",
pub.1175610183,Trait association and prediction through integrative k‐mer analysis,"Genome-wide association study (GWAS) with single nucleotide polymorphisms (SNPs) has been widely used to explore genetic controls of phenotypic traits. Alternatively, GWAS can use counts of substrings of length k from longer sequencing reads, k-mers, as genotyping data. Using maize cob and kernel color traits, we demonstrated that k-mer GWAS can effectively identify associated k-mers. Co-expression analysis of kernel color k-mers and genes directly found k-mers from known causal genes. Analyzing complex traits of kernel oil and leaf angle resulted in k-mers from both known and candidate genes. A gene encoding a MADS transcription factor was functionally validated by showing that ectopic expression of the gene led to less upright leaves. Evolution analysis revealed most k-mers positively correlated with kernel oil were strongly selected against in maize populations, while most k-mers for upright leaf angle were positively selected. In addition, genomic prediction of kernel oil, leaf angle, and flowering time using k-mer data resulted in a similarly high prediction accuracy to the standard SNP-based method. Collectively, we showed k-mer GWAS is a powerful approach for identifying trait-associated genetic elements. Further, our results demonstrated the bridging role of k-mers for data integration and functional gene discovery.",The Plant Journal,"0960-7412, 1365-313X",Wiley,"zea mays; genome-wide association study; polymorphism, single nucleotide; phenotype; quantitative trait loci; plant leaves; genotype; genome, plant",2024,Closed,Article,Research Article,"He, Cheng; Washburn, Jacob D; Schleif, Nathaniel; Hao, Yangfan; Kaeppler, Heidi; Kaeppler, Shawn M; Zhang, Zhiwu; Yang, Jinliang; Liu, Sanzhen","He, Cheng (Department of Plant Pathology, Kansas State University, Manhattan, Kansas, 66506, USA); Washburn, Jacob D (Plant Genetics Research Unit, USDAARS, Columbia, Missouri, 65211, USA); Schleif, Nathaniel (Department of Agronomy, University of WisconsinMadison, Madison, Wisconsin, 53706, USA); Hao, Yangfan (Department of Plant Pathology, Kansas State University, Manhattan, Kansas, 66506, USA); Kaeppler, Heidi (Department of Agronomy, University of WisconsinMadison, Madison, Wisconsin, 53706, USA); Kaeppler, Shawn M (Department of Agronomy, University of WisconsinMadison, Madison, Wisconsin, 53706, USA); Zhang, Zhiwu (Department of Crop and Soil Sciences, Washington State University, Pullman, Washington, 99164, USA); Yang, Jinliang (Department of Agronomy and Horticulture, University of NebraskaLincoln, Lincoln, Nebraska, 685830915, USA; Center for Plant Science Innovation, University of NebraskaLincoln, Lincoln, Nebraska, 68583, USA); Liu, Sanzhen (Department of Plant Pathology, Kansas State University, Manhattan, Kansas, 66506, USA)","Liu, Sanzhen (Kansas State University)",Washington State University; University of Wisconsin–Madison; Agricultural Research Service - Midwest Area; Kansas State University; University of Nebraska–Lincoln,grid.30064.31; grid.14003.36; grid.508983.f; grid.36567.31; grid.24434.35,Pullman; Madison; Peoria; Manhattan; Lincoln,Washington; Wisconsin; Illinois; Kansas; Nebraska,United States; United States; United States; United States; United States,Office of Biological and Environmental Research; Division of Integrative Organismal Systems; Office of Basic Energy Sciences; Directorate for Biological Sciences; National Institute of Food and Agriculture,DoE - United States Department of Energy; US Federal Funders; NSF - National Science Foundation; USDA - United States Department of Agriculture,United States; United States; United States; United States; United States,1,,,7.0,31 Biological Sciences; 3102 Bioinformatics and Computational Biology; 3105 Genetics,"A06 Agriculture, Veterinary and Food Science",
pub.1175897449,Global Genotype by Environment Prediction Competition Reveals That Diverse Modeling Strategies Can Deliver Satisfactory Maize Yield Estimates,"Predicting phenotypes from a combination of genetic and environmental factors is a grand challenge of modern biology. Slight improvements in this area have the potential to save lives, improve food and fuel security, permit better care of the planet, and create other positive outcomes. In 2022 and 2023 the first open-to-the-public Genomes to Fields (G2F) initiative Genotype by Environment (GxE) prediction competition was held using a large dataset including genomic variation, phenotype and weather measurements and field management notes, gathered by the project over nine years. The competition attracted registrants from around the world with representation from academic, government, industry, and non-profit institutions as well as unaffiliated. These participants came from diverse disciplines include plant science, animal science, breeding, statistics, computational biology and others. Some participants had no formal genetics or plant-related training, and some were just beginning their graduate education. The teams applied varied methods and strategies, providing a wealth of modeling knowledge based on a common dataset. The winner's strategy involved two models combining machine learning and traditional breeding tools: one model emphasized environment using features extracted by Random Forest, Ridge Regression and Least-squares, and one focused on genetics. Other high-performing teams' methods included quantitative genetics, classical machine learning/deep learning, mechanistic models, and model ensembles. The dataset factors used, such as genetics; weather; and management data, were also diverse, demonstrating that no single model or strategy is far superior to all others within the context of this competition.",bioRxiv,2692-8205,Cold Spring Harbor Laboratory,,2024,All OA; Green,Preprint,Research Article,"Washburn, Jacob D; Varela, Jose Ignacio; Xavier, Alencar; Chen, Qiuyue; Ertl, David; Gage, Joseph L; Holland, James B; Lima, Dayane Cristina; Romay, Maria Cinta; LopezCruz, Marco; de Los Campos, Gustavo; Barber, Wesley; Zimmer, Cristiano; Silva, Ignacio Trucillo; Rocha, Fabiani; Rincent, Renaud; Ali, Baber; Hu, Haixiao; Runcie, Daniel E; Gusev, Kirill; Slabodkin, Andrei; Bax, Phillip; Aubert, Julie; Gangloff, Hugo; MaryHuard, Tristan; Vanrenterghem, Theodore; QuesadaTraver, Carles; Yates, Steven; ArizaSuarez, Daniel; Ulrich, Argeo; Wyler, Michele; Kick, Daniel R; Bellis, Emily S; Causey, Jason L; Chavez, Emilio Soriano; Wang, Yixing; Piyush, Ved; Fernando, Gayara D; Hu, Robert K; Kumar, Rachit; Timon, Annan J; Venkatesh, Rasika; Aba, Kenia Segura; Chen, Huan; Ranaweera, Thilanka; Shiu, ShinHan; Wang, Peiran; Gordon, Max J; Amos, B K; Busato, Sebastiano; Perondi, Daniel; Gogna, Abhishek; Psaroudakis, Dennis; Chen, C P James; AlMamun, Hawlader A; Danilevicz, Monica F; Upadhyaya, Shriprabha R; Edwards, David; de Leon, Natalia","Washburn, Jacob D (USDAARSMWAPGRU, 302A Curtis Hall, U of MO, Columbia, MO, 65211, USA); Varela, Jose Ignacio (Department of Plant and Agroecosystem Sciences, University of Wisconsin  Madison, 1575 Linden Drive, Madison, WI, 53706, USA; Corteva Agrisciences, 8305 NW 62nd Ave, Johnston, IA, 50131, USA); Xavier, Alencar (Corteva Agrisciences, 8305 NW 62nd Ave, Johnston, IA, 50131, USA; Department of Agronomy, Purdue University, 915 Mitch Daniels Blvd, West Lafayette, IN 47907, United States); Chen, Qiuyue (Department of Crop and Soil Sciences, North Carolina State University, Raleigh, NC, 27695, USA); Ertl, David (Iowa Corn Promotion Board, Johnston, IA, 50131, USA); Gage, Joseph L (Department of Crop and Soil Sciences, North Carolina State University, Raleigh, NC, 27695, USA); Holland, James B (Department of Crop and Soil Sciences, North Carolina State University, Raleigh, NC, 27695, USA; USDAARS Plant Science Research Unit, Raleigh, NC, 27695, USA); Lima, Dayane Cristina (Department of Plant and Agroecosystem Sciences, University of Wisconsin  Madison, 1575 Linden Drive, Madison, WI, 53706, USA); Romay, Maria Cinta (Institute for Genomic Diversity, Cornell University, Ithaca, NY, 14853, USA); LopezCruz, Marco (Departments of Epidemiology & Biostatistics and Statistics & Probability, and Institute for Quantitative Health Science and Engineering, Michigan State University, 775 Woodlot Dr, East Lansing, MI, 48823, USA); de Los Campos, Gustavo (Departments of Epidemiology & Biostatistics and Statistics & Probability, and Institute for Quantitative Health Science and Engineering, Michigan State University, 775 Woodlot Dr, East Lansing, MI, 48823, USA); Barber, Wesley (Corteva Agrisciences, 8305 NW 62nd Ave, Johnston, IA, 50131, USA); Zimmer, Cristiano (Corteva Agrisciences, 8305 NW 62nd Ave, Johnston, IA, 50131, USA); Silva, Ignacio Trucillo (Corteva Agrisciences, 8305 NW 62nd Ave, Johnston, IA, 50131, USA); Rocha, Fabiani (Corteva Agrisciences, 8305 NW 62nd Ave, Johnston, IA, 50131, USA); Rincent, Renaud (Universite ParisSaclay, INRAE, CNRS, AgroParisTech, GQE  Le Moulon, 91190 GifsurYvette, France); Ali, Baber (Universite ParisSaclay, INRAE, CNRS, AgroParisTech, GQE  Le Moulon, 91190 GifsurYvette, France); Hu, Haixiao (Department of Plant Sciences, University of California Davis, One Shield Drive, Davis, CA, 95616, USA); Runcie, Daniel E (Department of Plant Sciences, University of California Davis, One Shield Drive, Davis, CA, 95616, USA); Gusev, Kirill (Smart Agri Labs, 2055 Limestone Rd STE 200C, Wilmington, DE, 19808, USA); Slabodkin, Andrei (Smart Agri Labs, 2055 Limestone Rd STE 200C, Wilmington, DE, 19808, USA); Bax, Phillip (Smart Agri Labs, 2055 Limestone Rd STE 200C, Wilmington, DE, 19808, USA); Aubert, Julie (Universite ParisSaclay, AgroParisTech, INRAE, UMR MIA ParisSaclay, 91120, Palaiseau, France); Gangloff, Hugo (Universite ParisSaclay, AgroParisTech, INRAE, UMR MIA ParisSaclay, 91120, Palaiseau, France); MaryHuard, Tristan (Universite ParisSaclay, INRAE, CNRS, AgroParisTech, GQE  Le Moulon, 91190 GifsurYvette, France; Universite ParisSaclay, AgroParisTech, INRAE, UMR MIA ParisSaclay, 91120, Palaiseau, France); Vanrenterghem, Theodore (Universite ParisSaclay, AgroParisTech, INRAE, UMR MIA ParisSaclay, 91120, Palaiseau, France); QuesadaTraver, Carles (Molecular Plant Breeding, Institute of Agricultural Sciences, ETH Zurich, Universitatstrasse 2, CH8092 Zurich, Switzerland); Yates, Steven (Molecular Plant Breeding, Institute of Agricultural Sciences, ETH Zurich, Universitatstrasse 2, CH8092 Zurich, Switzerland); ArizaSuarez, Daniel (Molecular Plant Breeding, Institute of Agricultural Sciences, ETH Zurich, Universitatstrasse 2, CH8092 Zurich, Switzerland); Ulrich, Argeo (Puregene AG, Etzmatt 273, CH4314 Zeiningen, Switzerland; Institute of Agricultural Sciences, ETH Zurich, Universitatstrasse 2, CH8092 Zurich, Switzerland); Wyler, Michele (MWSchmid GmbH, Hauptstrasse 34, CH8750 Glarus, Switzerland); Kick, Daniel R (USDAARSMWAPGRU, 302A Curtis Hall, U of MO, Columbia, MO, 65211, USA); Bellis, Emily S (Department of Computer Science, Arkansas State University, 2105 E Aggie Rd, Jonesboro, AR, 72401, USA); Causey, Jason L (Department of Computer Science, Arkansas State University, 2105 E Aggie Rd, Jonesboro, AR, 72401, USA); Chavez, Emilio Soriano (Department of Computer Science, Arkansas State University, 2105 E Aggie Rd, Jonesboro, AR, 72401, USA); Wang, Yixing (Department of Computer Science, Arkansas State University, 2105 E Aggie Rd, Jonesboro, AR, 72401, USA); Piyush, Ved (Department of Statistics, University of Nebraska  Lincoln, 340 Hardin Hall North Wing, Lincoln, NE, 68583, USA); Fernando, Gayara D (Department of Statistics, University of Nebraska  Lincoln, 340 Hardin Hall North Wing, Lincoln, NE, 68583, USA); Hu, Robert K (Genomics and Computational Biology, Perelman School of Medicine at the University of Pennsylvania, 3700 Hamilton Walk, Philadelphia, PA, 19104, USA); Kumar, Rachit (Genomics and Computational Biology, Perelman School of Medicine at the University of Pennsylvania, 3700 Hamilton Walk, Philadelphia, PA, 19104, USA; Medical Scientist Training Program, Perelman School of Medicine at the University of Pennsylvania, 3400 Civic Center Blvd, Philadelphia, PA, 19104, USA); Timon, Annan J (Genomics and Computational Biology, Perelman School of Medicine at the University of Pennsylvania, 3700 Hamilton Walk, Philadelphia, PA, 19104, USA); Venkatesh, Rasika (Genomics and Computational Biology, Perelman School of Medicine at the University of Pennsylvania, 3700 Hamilton Walk, Philadelphia, PA, 19104, USA); Aba, Kenia Segura (DOE Great Lakes Bioenergy Research Center, Michigan State University, East Lansing, MI, 48824, USA; Genetics and Genome Sciences Graduate Program, Michigan State University, East Lansing, MI, 48824, USA); Chen, Huan (Genetics and Genome Sciences Graduate Program, Michigan State University, East Lansing, MI, 48824, USA); Ranaweera, Thilanka (DOE Great Lakes Bioenergy Research Center, Michigan State University, East Lansing, MI, 48824, USA; Department of Plant Biology, Michigan State University, East Lansing, MI, 48824, USA); Shiu, ShinHan (DOE Great Lakes Bioenergy Research Center, Michigan State University, East Lansing, MI, 48824, USA; Department of Plant Biology, Michigan State University, East Lansing, MI, 48824, USA; Department of Computational Mathematics, Science, and Engineering, Michigan State University, East Lansing, MI, 48824, USA); Wang, Peiran (NC Plant Science Initiative, North Carolina State University, 840 Oval Drive, Raleigh, NC, 27606, USA; Department of Electrical and Computer Engineering, North Carolina State University, 890 Oval Dr, Raleigh, NC, 27606, USA); Gordon, Max J (NC Plant Science Initiative, North Carolina State University, 840 Oval Drive, Raleigh, NC, 27606, USA; Department of Electrical and Computer Engineering, North Carolina State University, 890 Oval Dr, Raleigh, NC, 27606, USA); Amos, B K (NC Plant Science Initiative, North Carolina State University, 840 Oval Drive, Raleigh, NC, 27606, USA; Department of Electrical and Computer Engineering, North Carolina State University, 890 Oval Dr, Raleigh, NC, 27606, USA); Busato, Sebastiano (NC Plant Science Initiative, North Carolina State University, 840 Oval Drive, Raleigh, NC, 27606, USA; Department of Electrical and Computer Engineering, North Carolina State University, 890 Oval Dr, Raleigh, NC, 27606, USA); Perondi, Daniel (NC Plant Science Initiative, North Carolina State University, 840 Oval Drive, Raleigh, NC, 27606, USA; Department of Electrical and Computer Engineering, North Carolina State University, 890 Oval Dr, Raleigh, NC, 27606, USA); Gogna, Abhishek (Department of Breeding Research, LeibnizInstitut fur Pflanzengenetik und Kulturpflanzenforschung, Corrensstrae 3, Gatersleben, 6466, Germany); Psaroudakis, Dennis (Department of Molecular Genetics, LeibnizInstitut fur Pflanzengenetik und Kulturpflanzenforschung, Corrensstrae 3, Gatersleben, 6466, Germany); Chen, C P James (School of Animal Sciences, Virginia Tech, Blacksburg, VA, 24061, USA); AlMamun, Hawlader A (School of Biological Sciences and Centre of Applied Bioinformatics, University of Western Australia, Perth, WA, Australia); Danilevicz, Monica F (School of Biological Sciences and Centre of Applied Bioinformatics, University of Western Australia, Perth, WA, Australia); Upadhyaya, Shriprabha R (School of Biological Sciences and Centre of Applied Bioinformatics, University of Western Australia, Perth, WA, Australia); Edwards, David (School of Biological Sciences and Centre of Applied Bioinformatics, University of Western Australia, Perth, WA, Australia); de Leon, Natalia (Department of Plant and Agroecosystem Sciences, University of Wisconsin  Madison, 1575 Linden Drive, Madison, WI, 53706, USA)","Washburn, Jacob D (USDAARSMWAPGRU, 302A Curtis Hall, U of MO, Columbia, MO, 65211, USA); de Leon, Natalia (University of WisconsinMadison)","University of Paris-Saclay; University of Western Australia; University of California, Davis; MWSchmid (Switzerland); University of Wisconsin–Madison; Iowa Corn Promotion Board; University of Pennsylvania; Agricultural Research Service - Southeast Area; University of Nebraska–Lincoln; Arkansas State University; ETH Zurich; Puregene AG; Institute of Plant Genetics and Crop Plant Research; Virginia Polytechnic Institute and State University; Michigan State University; Purdue University West Lafayette; North Carolina State University; Cornell University; AgroParisTech",grid.460789.4; grid.1012.2; grid.27860.3b; grid.518863.1; grid.14003.36; grid.707902.b; grid.25879.31; grid.508985.9; grid.24434.35; grid.252381.f; grid.5801.c; grid.722972.b; grid.418934.3; grid.438526.e; grid.17088.36; grid.169077.e; grid.40803.3f; grid.5386.8; grid.417885.7,Gif-sur-Yvette; Perth; Davis; Glarus; Madison; Philadelphia; Greenville; Lincoln; Jonesboro; Zurich; Gatersleben; Blacksburg; East Lansing; West Lafayette; Raleigh; Ithaca; Paris,Western Australia; California; Wisconsin; Pennsylvania; Mississippi; Nebraska; Arkansas; Virginia; Michigan; Indiana; North Carolina; New York,France; Australia; United States; Switzerland; United States; United States; United States; United States; United States; United States; Switzerland; Switzerland; Germany; United States; United States; United States; United States; United States; France,Directorate for Biological Sciences; Agricultural Research Service; National Institute of Food and Agriculture; National Institute of General Medical Sciences,US Federal Funders; NSF - National Science Foundation; USDA - United States Department of Agriculture; NIH - National Institutes of Health; ICRP - International Cancer Research Partnership,United States; United States; United States; United States,2,,,1.0,"30 Agricultural, Veterinary and Food Sciences; 3004 Crop and Pasture Production; 31 Biological Sciences",B11 Computer Science and Informatics,
pub.1183758683,Identifying Rare Alleles Affecting Seed Coat and Hilum Color in Soybean (Glycine max) Using Applied Genomics,"ABSTRACT  Breeding programs are often constrained by the genetic diversity of the parental lines, even though these lines can be a rare source of unique alleles not found elsewhere. Therefore, identifying these rare alleles is crucial for keeping them in the breeding programs while introducing new genetic resources. The growing amount of whole genome sequenced data has made Genome‐wide Association Study (GWAS) dominant in investigations to find causal genes for all crops, including legumes. However, GWAS often fails to predict more than one causative mutation (CM) in multiple alleles of a single causal gene. Consequently, multiple alleles complicate breeding when not recognized by a single associated marker, which typically identifies only the most frequent CM and discriminates against the others. In this work, we focus on adopting recent applied genomics methods to identify multiple independent alleles and rare alleles in soybean as a model for other legumes. We predicted, identified, and confirmed a new and extremely rare CM for the loss of black pigmentation in the soybean seed coat and hilum color R gene, the Q25fs. The deletion of eight bases leads to a frameshift, a premature stop codon, and a truncated, nonfunctional protein. Our results also suggest a possibly new gene or an allele of the seed coat color inhibitor I gene. Using a soybean model, we demonstrate how applied genomics methods can accelerate pre‐breeding, and additionally, we discuss the potential for adopting these methods for application to other legumes.",Legume Science,2639-6181,Wiley,,2024,All OA; Gold,Article,Research Article,"Kanovska, Ivana; Biova, Jana; Slivkova, Jana; Bilyeu, Kristin; Skrabisova, Maria","Kanovska, Ivana (Department of Biochemistry, Faculty of Science, Palacky University in Olomouc, Olomouc, Czechia); Biova, Jana (Department of Biochemistry, Faculty of Science, Palacky University in Olomouc, Olomouc, Czechia); Slivkova, Jana (Department of Biochemistry, Faculty of Science, Palacky University in Olomouc, Olomouc, Czechia); Bilyeu, Kristin (United States Department of AgricultureAgricultural Research Service, Plant Genetics Research Unit, Columbia, Missouri, USA); Skrabisova, Maria (Department of Biochemistry, Faculty of Science, Palacky University in Olomouc, Olomouc, Czechia)","Skrabisova, Maria (Palacky University, Olomouc)","Palacký University, Olomouc; Agricultural Research Service - Midwest Area",grid.10979.36; grid.508983.f,Olomouc; Peoria,Illinois,Czechia; United States,National Institute of Food and Agriculture,US Federal Funders; USDA - United States Department of Agriculture,United States,0,,,,"30 Agricultural, Veterinary and Food Sciences; 31 Biological Sciences; 3105 Genetics",A05 Biological Sciences,
pub.1187747046,Metabolite Profiling of Growth Regulatory Hormones from Maize Tissue.,"Plant regulatory small molecules, or phytohormones, are small regulatory metabolites in plants. Phytohormones regulate all aspects of plant growth and development. They include jasmonic acid, auxin, abscisic acid, salicylic acid, 1-aminocyclopropane-1-carboxylic acid, gibberellins, and brassinosteroids. Their activity is highly dependent on their concentration, and therefore accurate quantification is necessary to understand their biological role in regulating downstream targets. However, their low abundance results in low signal to noise ratios during detection. In addition, the chemical distinctions between the regulatory small molecule classes include a wide polarity range and differences in charge, which has previously prevented the simultaneous extraction and separation by chromatography of multiple regulatory small molecules. This review discusses the extraction of hormones from any maize tissue, followed by their purification and quantification, and the limitations of these approaches. Recent advancements in mass spectrometry and sample pretreatment have improved the sensitivity of techniques to accurately and simultaneously quantify multiple small regulatory plant hormones from maize tissue. These techniques should usher in a new era in which measurement of phytohormones will allow for more accurate evaluation of phytohormone roles in maize growth and development. We also highlight potential new plant regulatory hormones and discuss how the techniques described here may benefit future discovery of new classes of phytohormones.",Cold Spring Harbor Protocols,"1940-3402, 1559-6095",Cold Spring Harbor Laboratory,,2025,Closed,Article,Research Article,"Dilkes, Brian P; Best, Norman B","Dilkes, Brian P (Department of Biochemistry, Center for Plant Biology, Purdue University, West Lafayette, Indiana 47907, USA); Best, Norman B (Plant Genetics Research Unit, Agricultural Research Service, US Department of Agriculture, Columbia, Missouri 65211, USA normanbest@usdagov)",,Purdue University West Lafayette; Agricultural Research Service - Midwest Area,grid.169077.e; grid.508983.f,West Lafayette; Peoria,Indiana; Illinois,United States; United States,,,,0,,,,31 Biological Sciences; 3101 Biochemistry and Cell Biology,A05 Biological Sciences,
pub.1187747047,Analysis of Polar and Nonpolar Small Plant Growth Hormones and Quantification by LC/MS.,"Plant hormones are small metabolites that regulate all aspects of plant growth and development, including plant defense. The detection and quantification of these hormones are critical to understanding the mechanism of growth regulation in plants. In maize, a wealth of genetic resources has enabled progress on elucidating the genetic mechanisms underlying plant growth. Biochemical studies of growth in maize can provide insight into the physiological mechanisms of growth control by measuring endogenous levels of plant hormones, and this knowledge would be enhanced by the development of a method to analyze several hormones in a single small sample of tissue. We provide here a simple protocol to extract and accurately quantify six classes of plant hormones in a single liquid chromatography/mass spectrometry injection run using maize tissues. Those hormones include abscisic acid (ABA), 1-aminocyclopropane-1-carboxylate (ACC), gibberellic acid (GA), 3-indoleacetic acid (IAA), jasmonic acid (JA), and salicylic acid (SA), as well as an accumulated phytoanticipin of maize, 24-dihydroxy-7-methoxy-1,4-benzoxazin-3-one (DIMBOA), which influences the levels of IAA.",Cold Spring Harbor Protocols,"1940-3402, 1559-6095",Cold Spring Harbor Laboratory,,2025,Closed,Article,Research Article,"Dilkes, Brian P; Best, Norman B","Dilkes, Brian P (Department of Biochemistry, Center for Plant Biology, Purdue University, West Lafayette, Indiana 47907, USA); Best, Norman B (Plant Genetics Research Unit, Agricultural Research Service, US Department of Agriculture, Columbia, Missouri 65211, USA normanbest@usdagov)",,Purdue University West Lafayette; Agricultural Research Service - Midwest Area,grid.169077.e; grid.508983.f,West Lafayette; Peoria,Indiana; Illinois,United States; United States,,,,1,,,1.0,31 Biological Sciences; 3108 Plant Biology,"A06 Agriculture, Veterinary and Food Science",
pub.1187747048,Sterol and Brassinosteroid Hormone Quantification by LC/MS of Picolinyl Ester Derivatives.,"Brassinosteroids are small steroidal hormones that regulate plant growth, differentiation, and defense. They are low abundance in plant tissues and are difficult to assess via mass spectrometry due to poor ionization. In this protocol, we provide a method for the extraction, detection, and quantification of a subset of sterol and brassinosteroid metabolites using a derivatization method to improve ionization during liquid chromatography coupled with mass spectrometry. Multiple reaction monitoring, which is the utilization of metabolite fragments made in the instrument, is used to distinguish the sterols from other metabolites in complex mixtures to allow the simultaneous detection of a wide variety of steroids, including brassinosteroids. In maize, genetic resources have permitted multiple insights into the role of brassinosteroids in growth and development, and the addition of this convenient protocol to quantify their levels in plant tissue will enable a deeper physiological and biochemical understanding.",Cold Spring Harbor Protocols,"1940-3402, 1559-6095",Cold Spring Harbor Laboratory,,2025,Closed,Article,Research Article,"Dilkes, Brian P; Best, Norman B","Dilkes, Brian P (Department of Biochemistry, Center for Plant Biology, Purdue University, West Lafayette, Indiana 47907, USA); Best, Norman B (Plant Genetics Research Unit, Agricultural Research Service, US Department of Agriculture, Columbia, Missouri 65211, USA normanbest@usdagov)",,Purdue University West Lafayette; Agricultural Research Service - Midwest Area,grid.169077.e; grid.508983.f,West Lafayette; Peoria,Indiana; Illinois,United States; United States,,,,1,,,2.0,31 Biological Sciences; 3101 Biochemistry and Cell Biology,"A03 Allied Health Professions, Dentistry, Nursing and Pharmacy",
pub.1190315272,Recessive antimorph alleles reveal novel functions of the OPAQUE1 myosin XI in maize,"Abstract  Ideal plant architecture optimizes canopy structure and increases grain yield in maize. However, its underlying genetic mechanisms remain poorly characterized. Two recessive, EMS-induced maize mutants were identified that have reduced stature, opaque kernels, and abnormal subsidiary cell division, and are allelic to opaque1 (o1) . These two new missense alleles, o1-2995 and o1-tan62 , unlike the loss-of-function alleles previously identified, generate O1 protein but paradoxically generate more severe morphological defects. These defects include reduced internode elongation and partial suppression of excessive tassel and ear branching in ramosa1 (ra1), ra2, and ra3 mutants. We show that o1-2995 and o1-tan62 are novel alleles of o1 , and play a role in plant growth via internode elongation, subsidiary cell division positioning, leaf patterning, inflorescence development, and overall plant architecture.",bioRxiv,2692-8205,Cold Spring Harbor Laboratory,,2025,All OA; Green,Preprint,Research Article,"Zebosi, Brian; Martinez, Stephanie E; Wimalanathan, Kokulapalan; Ssengo, John; Brown, Gabriela; Best, Norman B; Vollbrecht, Erik; Facette, Michelle; Rasmussen, Carolyn G","Zebosi, Brian (Department of Genetics, Development and Cell Biology, Iowa State University, Ames, IA 50011; Interdepartmental Genetics and Genomics Graduate Program, Iowa State University, Ames, IA 50011); Martinez, Stephanie E (Botany and Plant Sciences Department, University of California, Riverside, Riverside, CA 92507); Wimalanathan, Kokulapalan (Department of Genetics, Development and Cell Biology, Iowa State University, Ames, IA 50011; Interdepartmental Bioinformatics and Computational Biology Graduate Program, Iowa State University, Ames, IA 50011); Ssengo, John (Interdepartmental Genetics and Genomics Graduate Program, Iowa State University, Ames, IA 50011; Department of Plant Pathology, Iowa State University, Ames, IA 50011); Brown, Gabriela (Botany and Plant Sciences Department, University of California, Riverside, Riverside, CA 92507); Best, Norman B (USDAARS, Plant Genetics Research Unit, Columbia, MO 65211); Vollbrecht, Erik (Department of Genetics, Development and Cell Biology, Iowa State University, Ames, IA 50011; Interdepartmental Genetics and Genomics Graduate Program, Iowa State University, Ames, IA 50011; Interdepartmental Bioinformatics and Computational Biology Graduate Program, Iowa State University, Ames, IA 50011); Facette, Michelle (Department of Biology, University of Massachusetts, Amherst, Amherst, MA 01003); Rasmussen, Carolyn G (Botany and Plant Sciences Department, University of California, Riverside, Riverside, CA 92507)","Vollbrecht, Erik (Iowa State University of Science and Technology; Iowa State University of Science and Technology; Iowa State University of Science and Technology)","University of California, Riverside; University of Massachusetts Amherst; Iowa State University of Science and Technology; Agricultural Research Service - Midwest Area",grid.266097.c; grid.266683.f; grid.34421.30; grid.508983.f,Riverside; Amherst Center; Ames; Peoria,California; Massachusetts; Iowa; Illinois,United States; United States; United States; United States,Directorate for Biological Sciences; Directorate for STEM Education,US Federal Funders; NSF - National Science Foundation,United States; United States,0,,,,"30 Agricultural, Veterinary and Food Sciences; 3004 Crop and Pasture Production; 31 Biological Sciences; 3108 Plant Biology",A05 Biological Sciences,
